date_county,Daily Max 8-hour Ozone Concentration,DAILY_AQI_VALUE
"03/01/2017, Cuyahoga",0.038,35
"03/02/2017, Cuyahoga",0.04,37
"03/03/2017, Cuyahoga",0.04,37
"03/04/2017, Cuyahoga",0.041,38
"03/05/2017, Cuyahoga",0.039,36
"03/06/2017, Cuyahoga",0.042,39
"03/07/2017, Cuyahoga",0.039,36
"03/08/2017, Cuyahoga",0.047,44
"03/09/2017, Cuyahoga",0.04,37
"03/10/2017, Cuyahoga",0.04,37
"03/11/2017, Cuyahoga",0.042,39
"03/12/2017, Cuyahoga",0.042,39
"03/13/2017, Cuyahoga",0.037,34
"03/14/2017, Cuyahoga",0.042,39
"03/15/2017, Cuyahoga",0.046,43
"03/16/2017, Cuyahoga",0.044,41
"03/17/2017, Cuyahoga",0.037,34
"03/18/2017, Cuyahoga",0.028,26
"03/19/2017, Cuyahoga",0.042,39
"03/20/2017, Cuyahoga",0.024,22
"03/21/2017, Cuyahoga",0.04,37
"03/22/2017, Cuyahoga",0.041,38
"03/23/2017, Cuyahoga",0.042,39
"03/24/2017, Cuyahoga",0.055,51
"03/25/2017, Cuyahoga",0.027,25
"03/26/2017, Cuyahoga",0.037,34
"03/27/2017, Cuyahoga",0.031,29
"03/28/2017, Cuyahoga",0.029,27
"03/29/2017, Cuyahoga",0.038,35
"03/30/2017, Cuyahoga",0.033,31
"03/31/2017, Cuyahoga",0.032,30
"04/01/2017, Cuyahoga",0.046,43
"04/02/2017, Cuyahoga",0.047,44
"04/03/2017, Cuyahoga",0.045,42
"04/04/2017, Cuyahoga",0.04,37
"04/05/2017, Cuyahoga",0.048,44
"04/06/2017, Cuyahoga",0.036,33
"04/07/2017, Cuyahoga",0.044,41
"04/08/2017, Cuyahoga",0.044,41
"04/09/2017, Cuyahoga",0.059,64
"04/10/2017, Cuyahoga",0.06,67
"04/11/2017, Cuyahoga",0.041,38
"04/12/2017, Cuyahoga",0.039,36
"04/13/2017, Cuyahoga",0.036,33
"04/14/2017, Cuyahoga",0.049,45
"04/15/2017, Cuyahoga",0.058,61
"04/16/2017, Cuyahoga",0.052,48
"04/17/2017, Cuyahoga",0.045,42
"04/18/2017, Cuyahoga",0.055,51
"04/19/2017, Cuyahoga",0.038,35
"04/20/2017, Cuyahoga",0.039,36
"04/21/2017, Cuyahoga",0.034,31
"04/22/2017, Cuyahoga",0.039,36
"04/23/2017, Cuyahoga",0.045,42
"04/25/2017, Cuyahoga",0.045,42
"04/26/2017, Cuyahoga",0.051,47
"04/27/2017, Cuyahoga",0.048,44
"04/28/2017, Cuyahoga",0.033,31
"04/29/2017, Cuyahoga",0.035,32
"04/30/2017, Cuyahoga",0.033,31
"05/01/2017, Cuyahoga",0.047,44
"05/02/2017, Cuyahoga",0.042,39
"05/03/2017, Cuyahoga",0.042,39
"05/04/2017, Cuyahoga",0.031,29
"05/05/2017, Cuyahoga",0.038,35
"05/06/2017, Cuyahoga",0.037,34
"05/07/2017, Cuyahoga",0.042,39
"05/10/2017, Cuyahoga",0.046,43
"05/11/2017, Cuyahoga",0.034,31
"05/12/2017, Cuyahoga",0.036,33
"05/13/2017, Cuyahoga",0.054,50
"05/14/2017, Cuyahoga",0.042,39
"05/15/2017, Cuyahoga",0.033,31
"05/16/2017, Cuyahoga",0.069,97
"05/17/2017, Cuyahoga",0.057,58
"05/18/2017, Cuyahoga",0.045,42
"05/19/2017, Cuyahoga",0.028,26
"05/20/2017, Cuyahoga",0.034,31
"05/21/2017, Cuyahoga",0.036,33
"05/22/2017, Cuyahoga",0.05,46
"05/23/2017, Cuyahoga",0.055,51
"05/24/2017, Cuyahoga",0.038,35
"05/25/2017, Cuyahoga",0.031,29
"05/26/2017, Cuyahoga",0.04,37
"05/27/2017, Cuyahoga",0.042,39
"05/28/2017, Cuyahoga",0.046,43
"05/29/2017, Cuyahoga",0.052,48
"05/30/2017, Cuyahoga",0.05,46
"05/31/2017, Cuyahoga",0.053,49
"06/01/2017, Cuyahoga",0.048,44
"06/02/2017, Cuyahoga",0.048,44
"06/03/2017, Cuyahoga",0.055,51
"06/04/2017, Cuyahoga",0.059,64
"06/05/2017, Cuyahoga",0.047,44
"06/06/2017, Cuyahoga",0.03,28
"06/07/2017, Cuyahoga",0.033,31
"06/08/2017, Cuyahoga",0.041,38
"06/09/2017, Cuyahoga",0.05,46
"06/10/2017, Cuyahoga",0.071,101
"06/11/2017, Cuyahoga",0.067,90
"06/12/2017, Cuyahoga",0.059,64
"06/13/2017, Cuyahoga",0.078,126
"06/14/2017, Cuyahoga",0.062,74
"06/15/2017, Cuyahoga",0.05,46
"06/16/2017, Cuyahoga",0.061,71
"06/17/2017, Cuyahoga",0.062,74
"06/18/2017, Cuyahoga",0.042,39
"06/19/2017, Cuyahoga",0.045,42
"06/20/2017, Cuyahoga",0.047,44
"06/21/2017, Cuyahoga",0.048,44
"06/22/2017, Cuyahoga",0.049,45
"06/23/2017, Cuyahoga",0.031,29
"06/24/2017, Cuyahoga",0.047,44
"06/25/2017, Cuyahoga",0.048,44
"06/26/2017, Cuyahoga",0.041,38
"06/27/2017, Cuyahoga",0.037,34
"06/28/2017, Cuyahoga",0.05,46
"06/29/2017, Cuyahoga",0.057,58
"06/30/2017, Cuyahoga",0.049,45
"07/01/2017, Cuyahoga",0.051,47
"07/02/2017, Cuyahoga",0.059,64
"07/03/2017, Cuyahoga",0.048,44
"07/04/2017, Cuyahoga",0.039,36
"07/05/2017, Cuyahoga",0.04,37
"07/06/2017, Cuyahoga",0.063,77
"07/07/2017, Cuyahoga",0.055,51
"07/08/2017, Cuyahoga",0.034,31
"07/09/2017, Cuyahoga",0.054,50
"07/10/2017, Cuyahoga",0.034,31
"07/11/2017, Cuyahoga",0.051,47
"07/12/2017, Cuyahoga",0.049,45
"07/13/2017, Cuyahoga",0.035,32
"07/14/2017, Cuyahoga",0.045,42
"07/15/2017, Cuyahoga",0.036,33
"07/16/2017, Cuyahoga",0.049,45
"07/17/2017, Cuyahoga",0.038,35
"07/18/2017, Cuyahoga",0.056,54
"07/19/2017, Cuyahoga",0.07,100
"07/20/2017, Cuyahoga",0.049,45
"07/22/2017, Cuyahoga",0.046,43
"07/23/2017, Cuyahoga",0.052,48
"07/24/2017, Cuyahoga",0.03,28
"07/25/2017, Cuyahoga",0.034,31
"07/26/2017, Cuyahoga",0.055,51
"07/27/2017, Cuyahoga",0.062,74
"07/28/2017, Cuyahoga",0.034,31
"07/29/2017, Cuyahoga",0.034,31
"07/30/2017, Cuyahoga",0.034,31
"07/31/2017, Cuyahoga",0.043,40
"08/01/2017, Cuyahoga",0.06,67
"08/02/2017, Cuyahoga",0.069,97
"08/03/2017, Cuyahoga",0.047,44
"08/04/2017, Cuyahoga",0.034,31
"08/05/2017, Cuyahoga",0.034,31
"08/06/2017, Cuyahoga",0.042,39
"08/07/2017, Cuyahoga",0.044,41
"08/08/2017, Cuyahoga",0.044,41
"08/09/2017, Cuyahoga",0.055,51
"08/10/2017, Cuyahoga",0.053,49
"08/11/2017, Cuyahoga",0.043,40
"08/12/2017, Cuyahoga",0.05,46
"08/13/2017, Cuyahoga",0.029,27
"08/14/2017, Cuyahoga",0.05,46
"08/15/2017, Cuyahoga",0.06,67
"08/16/2017, Cuyahoga",0.047,44
"08/17/2017, Cuyahoga",0.034,31
"08/18/2017, Cuyahoga",0.044,41
"08/19/2017, Cuyahoga",0.054,50
"08/20/2017, Cuyahoga",0.058,61
"08/21/2017, Cuyahoga",0.057,58
"08/22/2017, Cuyahoga",0.039,36
"08/23/2017, Cuyahoga",0.038,35
"08/24/2017, Cuyahoga",0.036,33
"08/25/2017, Cuyahoga",0.035,32
"08/26/2017, Cuyahoga",0.043,40
"08/27/2017, Cuyahoga",0.046,43
"08/28/2017, Cuyahoga",0.052,48
"08/29/2017, Cuyahoga",0.041,38
"08/30/2017, Cuyahoga",0.056,54
"08/31/2017, Cuyahoga",0.032,30
"09/01/2017, Cuyahoga",0.033,31
"09/02/2017, Cuyahoga",0.029,27
"09/03/2017, Cuyahoga",0.045,42
"09/04/2017, Cuyahoga",0.05,46
"09/05/2017, Cuyahoga",0.042,39
"09/06/2017, Cuyahoga",0.031,29
"09/07/2017, Cuyahoga",0.023,21
"09/08/2017, Cuyahoga",0.032,30
"09/09/2017, Cuyahoga",0.031,29
"09/10/2017, Cuyahoga",0.03,28
"09/11/2017, Cuyahoga",0.034,31
"09/12/2017, Cuyahoga",0.04,37
"09/13/2017, Cuyahoga",0.037,34
"09/14/2017, Cuyahoga",0.031,29
"09/15/2017, Cuyahoga",0.039,36
"09/16/2017, Cuyahoga",0.047,44
"09/17/2017, Cuyahoga",0.051,47
"09/18/2017, Cuyahoga",0.048,44
"09/19/2017, Cuyahoga",0.037,34
"09/20/2017, Cuyahoga",0.048,44
"09/21/2017, Cuyahoga",0.054,50
"09/22/2017, Cuyahoga",0.046,43
"09/23/2017, Cuyahoga",0.056,54
"09/24/2017, Cuyahoga",0.061,71
"09/25/2017, Cuyahoga",0.062,74
"09/26/2017, Cuyahoga",0.058,61
"09/27/2017, Cuyahoga",0.055,51
"09/28/2017, Cuyahoga",0.038,35
"09/29/2017, Cuyahoga",0.038,35
"09/30/2017, Cuyahoga",0.034,31
"10/01/2017, Cuyahoga",0.039,36
"10/02/2017, Cuyahoga",0.041,38
"10/03/2017, Cuyahoga",0.053,49
"10/04/2017, Cuyahoga",0.04,37
"10/05/2017, Cuyahoga",0.031,29
"10/06/2017, Cuyahoga",0.027,25
"10/07/2017, Cuyahoga",0.042,39
"10/08/2017, Cuyahoga",0.029,27
"10/09/2017, Cuyahoga",0.024,22
"10/10/2017, Cuyahoga",0.035,32
"10/11/2017, Cuyahoga",0.016,15
"10/12/2017, Cuyahoga",0.017,16
"10/13/2017, Cuyahoga",0.032,30
"10/14/2017, Cuyahoga",0.052,48
"10/15/2017, Cuyahoga",0.031,29
"10/16/2017, Cuyahoga",0.031,29
"10/17/2017, Cuyahoga",0.037,34
"10/18/2017, Cuyahoga",0.041,38
"10/19/2017, Cuyahoga",0.05,46
"10/20/2017, Cuyahoga",0.041,38
"10/21/2017, Cuyahoga",0.051,47
"10/22/2017, Cuyahoga",0.05,46
"10/23/2017, Cuyahoga",0.038,35
"10/24/2017, Cuyahoga",0.029,27
"10/25/2017, Cuyahoga",0.031,29
"10/26/2017, Cuyahoga",0.032,30
"10/27/2017, Cuyahoga",0.04,37
"10/28/2017, Cuyahoga",0.019,18
"10/29/2017, Cuyahoga",0.03,28
"10/30/2017, Cuyahoga",0.021,19
"01/01/2017, Cuyahoga",0.026,24
"01/02/2017, Cuyahoga",0.009,8
"01/03/2017, Cuyahoga",0.015,14
"01/04/2017, Cuyahoga",0.027,25
"01/05/2017, Cuyahoga",0.02,19
"01/06/2017, Cuyahoga",0.024,22
"01/07/2017, Cuyahoga",0.03,28
"01/08/2017, Cuyahoga",0.032,30
"01/09/2017, Cuyahoga",0.023,21
"01/10/2017, Cuyahoga",0.032,30
"01/11/2017, Cuyahoga",0.024,22
"01/12/2017, Cuyahoga",0.028,26
"01/13/2017, Cuyahoga",0.027,25
"01/14/2017, Cuyahoga",0.026,24
"01/15/2017, Cuyahoga",0.015,14
"01/16/2017, Cuyahoga",0.005,5
"01/17/2017, Cuyahoga",0.02,19
"01/18/2017, Cuyahoga",0.02,19
"01/19/2017, Cuyahoga",0.016,15
"01/20/2017, Cuyahoga",0.006,6
"01/21/2017, Cuyahoga",0.021,19
"01/22/2017, Cuyahoga",0.015,14
"01/23/2017, Cuyahoga",0.014,13
"01/24/2017, Cuyahoga",0.02,19
"01/25/2017, Cuyahoga",0.024,22
"01/26/2017, Cuyahoga",0.021,19
"01/27/2017, Cuyahoga",0.026,24
"01/28/2017, Cuyahoga",0.025,23
"01/29/2017, Cuyahoga",0.032,30
"01/30/2017, Cuyahoga",0.033,31
"01/31/2017, Cuyahoga",0.027,25
"02/01/2017, Cuyahoga",0.029,27
"02/02/2017, Cuyahoga",0.034,31
"02/03/2017, Cuyahoga",0.039,36
"02/04/2017, Cuyahoga",0.034,31
"02/05/2017, Cuyahoga",0.03,28
"02/06/2017, Cuyahoga",0.025,23
"02/07/2017, Cuyahoga",0.027,25
"02/08/2017, Cuyahoga",0.033,31
"02/09/2017, Cuyahoga",0.035,32
"02/10/2017, Cuyahoga",0.024,22
"02/11/2017, Cuyahoga",0.021,19
"02/12/2017, Cuyahoga",0.039,36
"02/13/2017, Cuyahoga",0.036,33
"02/14/2017, Cuyahoga",0.035,32
"02/15/2017, Cuyahoga",0.033,31
"02/16/2017, Cuyahoga",0.033,31
"02/17/2017, Cuyahoga",0.032,30
"02/18/2017, Cuyahoga",0.048,44
"02/19/2017, Cuyahoga",0.038,35
"02/20/2017, Cuyahoga",0.014,13
"02/21/2017, Cuyahoga",0.026,24
"02/22/2017, Cuyahoga",0.034,31
"02/23/2017, Cuyahoga",0.027,25
"02/24/2017, Cuyahoga",0.038,35
"02/25/2017, Cuyahoga",0.031,29
"02/26/2017, Cuyahoga",0.036,33
"02/27/2017, Cuyahoga",0.036,33
"02/28/2017, Cuyahoga",0.029,27
"03/01/2017, Cuyahoga",0.037,34
"03/02/2017, Cuyahoga",0.038,35
"03/03/2017, Cuyahoga",0.038,35
"03/04/2017, Cuyahoga",0.04,37
"03/05/2017, Cuyahoga",0.035,32
"03/06/2017, Cuyahoga",0.037,34
"03/07/2017, Cuyahoga",0.037,34
"03/09/2017, Cuyahoga",0.035,32
"03/10/2017, Cuyahoga",0.038,35
"03/11/2017, Cuyahoga",0.04,37
"03/12/2017, Cuyahoga",0.04,37
"03/13/2017, Cuyahoga",0.032,30
"03/14/2017, Cuyahoga",0.038,35
"03/15/2017, Cuyahoga",0.043,40
"03/16/2017, Cuyahoga",0.04,37
"03/17/2017, Cuyahoga",0.033,31
"03/18/2017, Cuyahoga",0.028,26
"03/19/2017, Cuyahoga",0.038,35
"03/20/2017, Cuyahoga",0.021,19
"03/21/2017, Cuyahoga",0.038,35
"03/23/2017, Cuyahoga",0.036,33
"03/24/2017, Cuyahoga",0.05,46
"03/25/2017, Cuyahoga",0.022,20
"03/26/2017, Cuyahoga",0.029,27
"03/27/2017, Cuyahoga",0.025,23
"03/28/2017, Cuyahoga",0.027,25
"03/29/2017, Cuyahoga",0.034,31
"03/30/2017, Cuyahoga",0.026,24
"03/31/2017, Cuyahoga",0.028,26
"04/01/2017, Cuyahoga",0.044,41
"04/02/2017, Cuyahoga",0.041,38
"04/03/2017, Cuyahoga",0.037,34
"04/04/2017, Cuyahoga",0.036,33
"04/05/2017, Cuyahoga",0.04,37
"04/06/2017, Cuyahoga",0.032,30
"04/07/2017, Cuyahoga",0.039,36
"04/08/2017, Cuyahoga",0.037,34
"04/09/2017, Cuyahoga",0.046,43
"04/10/2017, Cuyahoga",0.051,47
"04/11/2017, Cuyahoga",0.035,32
"04/12/2017, Cuyahoga",0.033,31
"04/13/2017, Cuyahoga",0.026,24
"04/14/2017, Cuyahoga",0.038,35
"04/15/2017, Cuyahoga",0.053,49
"04/16/2017, Cuyahoga",0.047,44
"04/17/2017, Cuyahoga",0.038,35
"04/18/2017, Cuyahoga",0.046,43
"04/19/2017, Cuyahoga",0.033,31
"04/20/2017, Cuyahoga",0.031,29
"04/21/2017, Cuyahoga",0.031,29
"04/22/2017, Cuyahoga",0.033,31
"04/23/2017, Cuyahoga",0.041,38
"04/24/2017, Cuyahoga",0.049,45
"04/25/2017, Cuyahoga",0.039,36
"04/26/2017, Cuyahoga",0.041,38
"04/27/2017, Cuyahoga",0.043,40
"04/28/2017, Cuyahoga",0.032,30
"04/29/2017, Cuyahoga",0.033,31
"04/30/2017, Cuyahoga",0.03,28
"05/01/2017, Cuyahoga",0.042,39
"05/02/2017, Cuyahoga",0.041,38
"05/03/2017, Cuyahoga",0.037,34
"05/04/2017, Cuyahoga",0.022,20
"05/05/2017, Cuyahoga",0.037,34
"05/06/2017, Cuyahoga",0.034,31
"05/07/2017, Cuyahoga",0.039,36
"05/08/2017, Cuyahoga",0.041,38
"05/09/2017, Cuyahoga",0.043,40
"05/10/2017, Cuyahoga",0.037,34
"05/11/2017, Cuyahoga",0.031,29
"05/12/2017, Cuyahoga",0.03,28
"05/13/2017, Cuyahoga",0.047,44
"05/14/2017, Cuyahoga",0.038,35
"05/15/2017, Cuyahoga",0.029,27
"05/16/2017, Cuyahoga",0.061,71
"05/17/2017, Cuyahoga",0.05,46
"05/18/2017, Cuyahoga",0.048,44
"05/19/2017, Cuyahoga",0.025,23
"05/20/2017, Cuyahoga",0.031,29
"05/21/2017, Cuyahoga",0.031,29
"05/22/2017, Cuyahoga",0.045,42
"05/23/2017, Cuyahoga",0.047,44
"05/24/2017, Cuyahoga",0.033,31
"05/25/2017, Cuyahoga",0.029,27
"05/26/2017, Cuyahoga",0.037,34
"05/27/2017, Cuyahoga",0.039,36
"05/28/2017, Cuyahoga",0.039,36
"05/29/2017, Cuyahoga",0.047,44
"05/30/2017, Cuyahoga",0.044,41
"05/31/2017, Cuyahoga",0.047,44
"06/01/2017, Cuyahoga",0.042,39
"06/02/2017, Cuyahoga",0.041,38
"06/03/2017, Cuyahoga",0.045,42
"06/04/2017, Cuyahoga",0.051,47
"06/05/2017, Cuyahoga",0.042,39
"06/06/2017, Cuyahoga",0.03,28
"06/07/2017, Cuyahoga",0.028,26
"06/08/2017, Cuyahoga",0.036,33
"06/09/2017, Cuyahoga",0.043,40
"06/10/2017, Cuyahoga",0.064,80
"06/11/2017, Cuyahoga",0.059,64
"06/12/2017, Cuyahoga",0.053,49
"06/13/2017, Cuyahoga",0.07,100
"06/14/2017, Cuyahoga",0.052,48
"06/15/2017, Cuyahoga",0.044,41
"06/16/2017, Cuyahoga",0.055,51
"06/17/2017, Cuyahoga",0.056,54
"06/18/2017, Cuyahoga",0.039,36
"06/19/2017, Cuyahoga",0.041,38
"06/20/2017, Cuyahoga",0.043,40
"06/21/2017, Cuyahoga",0.041,38
"06/22/2017, Cuyahoga",0.044,41
"06/23/2017, Cuyahoga",0.028,26
"06/24/2017, Cuyahoga",0.041,38
"06/25/2017, Cuyahoga",0.043,40
"06/27/2017, Cuyahoga",0.033,31
"06/28/2017, Cuyahoga",0.047,44
"06/29/2017, Cuyahoga",0.052,48
"06/30/2017, Cuyahoga",0.043,40
"07/01/2017, Cuyahoga",0.044,41
"07/02/2017, Cuyahoga",0.053,49
"07/03/2017, Cuyahoga",0.043,40
"07/04/2017, Cuyahoga",0.038,35
"07/05/2017, Cuyahoga",0.035,32
"07/06/2017, Cuyahoga",0.054,50
"07/07/2017, Cuyahoga",0.05,46
"07/08/2017, Cuyahoga",0.033,31
"07/09/2017, Cuyahoga",0.05,46
"07/10/2017, Cuyahoga",0.027,25
"07/11/2017, Cuyahoga",0.043,40
"07/12/2017, Cuyahoga",0.045,42
"07/13/2017, Cuyahoga",0.03,28
"07/14/2017, Cuyahoga",0.039,36
"07/15/2017, Cuyahoga",0.032,30
"07/16/2017, Cuyahoga",0.043,40
"07/17/2017, Cuyahoga",0.034,31
"07/18/2017, Cuyahoga",0.049,45
"07/19/2017, Cuyahoga",0.061,71
"07/20/2017, Cuyahoga",0.049,45
"07/21/2017, Cuyahoga",0.049,45
"07/22/2017, Cuyahoga",0.04,37
"07/23/2017, Cuyahoga",0.047,44
"07/24/2017, Cuyahoga",0.028,26
"07/25/2017, Cuyahoga",0.028,26
"07/26/2017, Cuyahoga",0.049,45
"07/27/2017, Cuyahoga",0.054,50
"07/28/2017, Cuyahoga",0.029,27
"07/29/2017, Cuyahoga",0.031,29
"07/30/2017, Cuyahoga",0.032,30
"07/31/2017, Cuyahoga",0.04,37
"08/01/2017, Cuyahoga",0.053,49
"08/02/2017, Cuyahoga",0.064,80
"08/03/2017, Cuyahoga",0.043,40
"08/04/2017, Cuyahoga",0.031,29
"08/05/2017, Cuyahoga",0.034,31
"08/06/2017, Cuyahoga",0.038,35
"08/07/2017, Cuyahoga",0.041,38
"08/08/2017, Cuyahoga",0.039,36
"08/09/2017, Cuyahoga",0.048,44
"08/10/2017, Cuyahoga",0.046,43
"08/11/2017, Cuyahoga",0.039,36
"08/12/2017, Cuyahoga",0.048,44
"08/13/2017, Cuyahoga",0.027,25
"08/14/2017, Cuyahoga",0.044,41
"08/15/2017, Cuyahoga",0.056,54
"08/16/2017, Cuyahoga",0.039,36
"08/17/2017, Cuyahoga",0.023,21
"08/18/2017, Cuyahoga",0.041,38
"08/19/2017, Cuyahoga",0.05,46
"08/20/2017, Cuyahoga",0.052,48
"08/21/2017, Cuyahoga",0.047,44
"08/22/2017, Cuyahoga",0.035,32
"08/23/2017, Cuyahoga",0.033,31
"08/24/2017, Cuyahoga",0.032,30
"08/25/2017, Cuyahoga",0.028,26
"08/26/2017, Cuyahoga",0.039,36
"08/27/2017, Cuyahoga",0.042,39
"08/29/2017, Cuyahoga",0.037,34
"08/30/2017, Cuyahoga",0.051,47
"08/31/2017, Cuyahoga",0.027,25
"09/01/2017, Cuyahoga",0.028,26
"09/02/2017, Cuyahoga",0.026,24
"09/03/2017, Cuyahoga",0.042,39
"09/04/2017, Cuyahoga",0.047,44
"09/05/2017, Cuyahoga",0.037,34
"09/06/2017, Cuyahoga",0.026,24
"09/07/2017, Cuyahoga",0.02,19
"09/08/2017, Cuyahoga",0.031,29
"09/09/2017, Cuyahoga",0.028,26
"09/10/2017, Cuyahoga",0.027,25
"09/11/2017, Cuyahoga",0.029,27
"09/12/2017, Cuyahoga",0.032,30
"09/13/2017, Cuyahoga",0.028,26
"09/14/2017, Cuyahoga",0.021,19
"09/15/2017, Cuyahoga",0.032,30
"09/16/2017, Cuyahoga",0.041,38
"09/17/2017, Cuyahoga",0.045,42
"09/18/2017, Cuyahoga",0.041,38
"09/19/2017, Cuyahoga",0.027,25
"09/20/2017, Cuyahoga",0.041,38
"09/21/2017, Cuyahoga",0.042,39
"09/22/2017, Cuyahoga",0.039,36
"09/23/2017, Cuyahoga",0.05,46
"09/24/2017, Cuyahoga",0.054,50
"09/25/2017, Cuyahoga",0.053,49
"09/26/2017, Cuyahoga",0.051,47
"09/27/2017, Cuyahoga",0.046,43
"09/28/2017, Cuyahoga",0.034,31
"09/29/2017, Cuyahoga",0.036,33
"09/30/2017, Cuyahoga",0.031,29
"10/01/2017, Cuyahoga",0.035,32
"10/02/2017, Cuyahoga",0.037,34
"10/03/2017, Cuyahoga",0.041,38
"10/04/2017, Cuyahoga",0.035,32
"10/05/2017, Cuyahoga",0.027,25
"10/06/2017, Cuyahoga",0.021,19
"10/07/2017, Cuyahoga",0.039,36
"10/08/2017, Cuyahoga",0.027,25
"10/09/2017, Cuyahoga",0.021,19
"10/10/2017, Cuyahoga",0.032,30
"10/11/2017, Cuyahoga",0.012,11
"10/12/2017, Cuyahoga",0.013,12
"10/13/2017, Cuyahoga",0.028,26
"10/14/2017, Cuyahoga",0.044,41
"10/15/2017, Cuyahoga",0.031,29
"10/16/2017, Cuyahoga",0.029,27
"10/17/2017, Cuyahoga",0.036,33
"10/18/2017, Cuyahoga",0.037,34
"10/19/2017, Cuyahoga",0.045,42
"10/20/2017, Cuyahoga",0.032,30
"10/21/2017, Cuyahoga",0.043,40
"10/22/2017, Cuyahoga",0.043,40
"10/23/2017, Cuyahoga",0.032,30
"10/24/2017, Cuyahoga",0.03,28
"10/25/2017, Cuyahoga",0.025,23
"10/26/2017, Cuyahoga",0.03,28
"10/27/2017, Cuyahoga",0.038,35
"10/28/2017, Cuyahoga",0.019,18
"10/29/2017, Cuyahoga",0.027,25
"10/30/2017, Cuyahoga",0.021,19
"10/31/2017, Cuyahoga",0.024,22
"11/01/2017, Cuyahoga",0.022,20
"11/02/2017, Cuyahoga",0.029,27
"11/03/2017, Cuyahoga",0.024,22
"11/04/2017, Cuyahoga",0.017,16
"11/05/2017, Cuyahoga",0.02,19
"11/06/2017, Cuyahoga",0.023,21
"11/07/2017, Cuyahoga",0.024,22
"11/10/2017, Cuyahoga",0.031,29
"11/11/2017, Cuyahoga",0.029,27
"11/12/2017, Cuyahoga",0.018,17
"11/13/2017, Cuyahoga",0.024,22
"11/14/2017, Cuyahoga",0.017,16
"11/15/2017, Cuyahoga",0.015,14
"11/16/2017, Cuyahoga",0.023,21
"11/17/2017, Cuyahoga",0.021,19
"11/18/2017, Cuyahoga",0.023,21
"11/20/2017, Cuyahoga",0.028,26
"11/21/2017, Cuyahoga",0.031,29
"11/22/2017, Cuyahoga",0.026,24
"11/23/2017, Cuyahoga",0.028,26
"11/24/2017, Cuyahoga",0.031,29
"11/25/2017, Cuyahoga",0.031,29
"11/26/2017, Cuyahoga",0.035,32
"11/28/2017, Cuyahoga",0.038,35
"11/29/2017, Cuyahoga",0.024,22
"11/30/2017, Cuyahoga",0.021,19
"12/01/2017, Cuyahoga",0.021,19
"12/02/2017, Cuyahoga",0.013,12
"12/03/2017, Cuyahoga",0.015,14
"12/04/2017, Cuyahoga",0.034,31
"12/05/2017, Cuyahoga",0.027,25
"12/06/2017, Cuyahoga",0.024,22
"12/07/2017, Cuyahoga",0.022,20
"12/08/2017, Cuyahoga",0.026,24
"12/09/2017, Cuyahoga",0.023,21
"12/10/2017, Cuyahoga",0.024,22
"12/11/2017, Cuyahoga",0.02,19
"12/12/2017, Cuyahoga",0.035,32
"12/13/2017, Cuyahoga",0.024,22
"12/14/2017, Cuyahoga",0.03,28
"12/15/2017, Cuyahoga",0.022,20
"12/16/2017, Cuyahoga",0.021,19
"12/17/2017, Cuyahoga",0.014,13
"12/18/2017, Cuyahoga",0.02,19
"12/19/2017, Cuyahoga",0.024,22
"12/20/2017, Cuyahoga",0.029,27
"12/21/2017, Cuyahoga",0.016,15
"12/22/2017, Cuyahoga",0.009,8
"12/23/2017, Cuyahoga",0.022,20
"12/24/2017, Cuyahoga",0.025,23
"12/25/2017, Cuyahoga",0.032,30
"12/26/2017, Cuyahoga",0.03,28
"12/27/2017, Cuyahoga",0.025,23
"12/28/2017, Cuyahoga",0.019,18
"12/29/2017, Cuyahoga",0.022,20
"12/30/2017, Cuyahoga",0.032,30
"03/01/2017, Cuyahoga",0.037,34
"03/02/2017, Cuyahoga",0.038,35
"03/03/2017, Cuyahoga",0.039,36
"03/04/2017, Cuyahoga",0.039,36
"03/05/2017, Cuyahoga",0.035,32
"03/07/2017, Cuyahoga",0.037,34
"03/08/2017, Cuyahoga",0.043,40
"03/09/2017, Cuyahoga",0.041,38
"03/10/2017, Cuyahoga",0.039,36
"03/11/2017, Cuyahoga",0.04,37
"03/12/2017, Cuyahoga",0.04,37
"03/13/2017, Cuyahoga",0.032,30
"03/14/2017, Cuyahoga",0.037,34
"03/15/2017, Cuyahoga",0.041,38
"03/16/2017, Cuyahoga",0.043,40
"03/17/2017, Cuyahoga",0.035,32
"03/18/2017, Cuyahoga",0.025,23
"03/19/2017, Cuyahoga",0.036,33
"03/20/2017, Cuyahoga",0.025,23
"03/21/2017, Cuyahoga",0.042,39
"03/22/2017, Cuyahoga",0.04,37
"03/23/2017, Cuyahoga",0.04,37
"03/24/2017, Cuyahoga",0.053,49
"03/25/2017, Cuyahoga",0.024,22
"03/26/2017, Cuyahoga",0.037,34
"03/27/2017, Cuyahoga",0.032,30
"03/28/2017, Cuyahoga",0.027,25
"03/29/2017, Cuyahoga",0.039,36
"03/30/2017, Cuyahoga",0.026,24
"03/31/2017, Cuyahoga",0.027,25
"04/01/2017, Cuyahoga",0.042,39
"04/02/2017, Cuyahoga",0.043,40
"04/03/2017, Cuyahoga",0.039,36
"04/04/2017, Cuyahoga",0.039,36
"04/05/2017, Cuyahoga",0.044,41
"04/06/2017, Cuyahoga",0.033,31
"04/07/2017, Cuyahoga",0.042,39
"04/08/2017, Cuyahoga",0.045,42
"04/09/2017, Cuyahoga",0.055,51
"04/10/2017, Cuyahoga",0.057,58
"04/11/2017, Cuyahoga",0.038,35
"04/12/2017, Cuyahoga",0.039,36
"04/13/2017, Cuyahoga",0.034,31
"04/14/2017, Cuyahoga",0.049,45
"04/15/2017, Cuyahoga",0.056,54
"04/16/2017, Cuyahoga",0.049,45
"04/17/2017, Cuyahoga",0.044,41
"04/18/2017, Cuyahoga",0.049,45
"04/19/2017, Cuyahoga",0.035,32
"04/20/2017, Cuyahoga",0.042,39
"04/21/2017, Cuyahoga",0.034,31
"04/22/2017, Cuyahoga",0.036,33
"04/23/2017, Cuyahoga",0.045,42
"04/24/2017, Cuyahoga",0.054,50
"04/25/2017, Cuyahoga",0.041,38
"04/26/2017, Cuyahoga",0.047,44
"04/27/2017, Cuyahoga",0.048,44
"04/28/2017, Cuyahoga",0.032,30
"04/29/2017, Cuyahoga",0.033,31
"04/30/2017, Cuyahoga",0.034,31
"05/01/2017, Cuyahoga",0.045,42
"05/02/2017, Cuyahoga",0.043,40
"05/03/2017, Cuyahoga",0.044,41
"05/04/2017, Cuyahoga",0.023,21
"05/05/2017, Cuyahoga",0.037,34
"05/06/2017, Cuyahoga",0.033,31
"05/07/2017, Cuyahoga",0.04,37
"05/08/2017, Cuyahoga",0.046,43
"05/09/2017, Cuyahoga",0.05,46
"05/10/2017, Cuyahoga",0.042,39
"05/11/2017, Cuyahoga",0.033,31
"05/12/2017, Cuyahoga",0.036,33
"05/13/2017, Cuyahoga",0.051,47
"05/14/2017, Cuyahoga",0.042,39
"05/15/2017, Cuyahoga",0.036,33
"05/16/2017, Cuyahoga",0.064,80
"05/17/2017, Cuyahoga",0.054,50
"05/18/2017, Cuyahoga",0.051,47
"05/19/2017, Cuyahoga",0.026,24
"05/20/2017, Cuyahoga",0.03,28
"05/21/2017, Cuyahoga",0.034,31
"05/22/2017, Cuyahoga",0.047,44
"05/23/2017, Cuyahoga",0.055,51
"05/24/2017, Cuyahoga",0.031,29
"05/25/2017, Cuyahoga",0.029,27
"05/26/2017, Cuyahoga",0.039,36
"05/27/2017, Cuyahoga",0.043,40
"05/28/2017, Cuyahoga",0.042,39
"05/29/2017, Cuyahoga",0.048,44
"05/30/2017, Cuyahoga",0.048,44
"05/31/2017, Cuyahoga",0.05,46
"06/01/2017, Cuyahoga",0.053,49
"06/02/2017, Cuyahoga",0.049,45
"06/03/2017, Cuyahoga",0.054,50
"06/04/2017, Cuyahoga",0.052,48
"06/05/2017, Cuyahoga",0.047,44
"06/07/2017, Cuyahoga",0.032,30
"06/08/2017, Cuyahoga",0.041,38
"06/09/2017, Cuyahoga",0.049,45
"06/10/2017, Cuyahoga",0.068,93
"06/11/2017, Cuyahoga",0.062,74
"06/12/2017, Cuyahoga",0.054,50
"06/13/2017, Cuyahoga",0.067,90
"06/14/2017, Cuyahoga",0.048,44
"06/15/2017, Cuyahoga",0.046,43
"06/16/2017, Cuyahoga",0.065,84
"06/17/2017, Cuyahoga",0.06,67
"06/18/2017, Cuyahoga",0.038,35
"06/19/2017, Cuyahoga",0.045,42
"06/20/2017, Cuyahoga",0.046,43
"06/21/2017, Cuyahoga",0.049,45
"06/22/2017, Cuyahoga",0.042,39
"06/23/2017, Cuyahoga",0.023,21
"06/24/2017, Cuyahoga",0.042,39
"06/25/2017, Cuyahoga",0.043,40
"06/26/2017, Cuyahoga",0.037,34
"06/27/2017, Cuyahoga",0.033,31
"06/28/2017, Cuyahoga",0.05,46
"06/29/2017, Cuyahoga",0.053,49
"06/30/2017, Cuyahoga",0.041,38
"07/01/2017, Cuyahoga",0.043,40
"07/02/2017, Cuyahoga",0.052,48
"07/03/2017, Cuyahoga",0.052,48
"07/04/2017, Cuyahoga",0.038,35
"07/05/2017, Cuyahoga",0.042,39
"07/06/2017, Cuyahoga",0.061,71
"07/07/2017, Cuyahoga",0.05,46
"07/08/2017, Cuyahoga",0.035,32
"07/09/2017, Cuyahoga",0.044,41
"07/10/2017, Cuyahoga",0.029,27
"07/11/2017, Cuyahoga",0.04,37
"07/12/2017, Cuyahoga",0.042,39
"07/13/2017, Cuyahoga",0.029,27
"07/14/2017, Cuyahoga",0.04,37
"07/15/2017, Cuyahoga",0.036,33
"07/16/2017, Cuyahoga",0.039,36
"07/17/2017, Cuyahoga",0.035,32
"07/18/2017, Cuyahoga",0.06,67
"07/19/2017, Cuyahoga",0.064,80
"07/20/2017, Cuyahoga",0.049,45
"07/21/2017, Cuyahoga",0.053,49
"07/22/2017, Cuyahoga",0.036,33
"07/23/2017, Cuyahoga",0.044,41
"07/24/2017, Cuyahoga",0.028,26
"07/25/2017, Cuyahoga",0.029,27
"07/26/2017, Cuyahoga",0.051,47
"07/27/2017, Cuyahoga",0.058,61
"07/28/2017, Cuyahoga",0.036,33
"07/29/2017, Cuyahoga",0.032,30
"07/30/2017, Cuyahoga",0.028,26
"07/31/2017, Cuyahoga",0.046,43
"08/01/2017, Cuyahoga",0.058,61
"08/02/2017, Cuyahoga",0.05,46
"08/03/2017, Cuyahoga",0.047,44
"08/04/2017, Cuyahoga",0.033,31
"08/05/2017, Cuyahoga",0.036,33
"08/06/2017, Cuyahoga",0.033,31
"08/07/2017, Cuyahoga",0.04,37
"08/08/2017, Cuyahoga",0.037,34
"08/09/2017, Cuyahoga",0.043,40
"08/10/2017, Cuyahoga",0.058,61
"08/11/2017, Cuyahoga",0.038,35
"08/12/2017, Cuyahoga",0.049,45
"08/13/2017, Cuyahoga",0.031,29
"08/14/2017, Cuyahoga",0.057,58
"08/15/2017, Cuyahoga",0.049,45
"08/16/2017, Cuyahoga",0.053,49
"08/17/2017, Cuyahoga",0.028,26
"08/18/2017, Cuyahoga",0.041,38
"08/19/2017, Cuyahoga",0.046,43
"08/20/2017, Cuyahoga",0.05,46
"08/21/2017, Cuyahoga",0.052,48
"08/22/2017, Cuyahoga",0.032,30
"08/23/2017, Cuyahoga",0.035,32
"08/24/2017, Cuyahoga",0.032,30
"08/25/2017, Cuyahoga",0.032,30
"08/26/2017, Cuyahoga",0.042,39
"08/27/2017, Cuyahoga",0.046,43
"08/28/2017, Cuyahoga",0.045,42
"08/29/2017, Cuyahoga",0.032,30
"08/31/2017, Cuyahoga",0.031,29
"09/01/2017, Cuyahoga",0.029,27
"09/02/2017, Cuyahoga",0.022,20
"09/03/2017, Cuyahoga",0.042,39
"09/04/2017, Cuyahoga",0.048,44
"09/05/2017, Cuyahoga",0.038,35
"09/06/2017, Cuyahoga",0.029,27
"09/07/2017, Cuyahoga",0.019,18
"09/08/2017, Cuyahoga",0.032,30
"09/09/2017, Cuyahoga",0.03,28
"09/10/2017, Cuyahoga",0.027,25
"09/11/2017, Cuyahoga",0.033,31
"09/12/2017, Cuyahoga",0.037,34
"09/13/2017, Cuyahoga",0.03,28
"09/14/2017, Cuyahoga",0.022,20
"09/15/2017, Cuyahoga",0.036,33
"09/16/2017, Cuyahoga",0.047,44
"09/17/2017, Cuyahoga",0.048,44
"09/18/2017, Cuyahoga",0.047,44
"09/19/2017, Cuyahoga",0.033,31
"09/20/2017, Cuyahoga",0.053,49
"09/21/2017, Cuyahoga",0.054,50
"09/22/2017, Cuyahoga",0.059,64
"09/23/2017, Cuyahoga",0.05,46
"09/24/2017, Cuyahoga",0.057,58
"09/25/2017, Cuyahoga",0.058,61
"09/26/2017, Cuyahoga",0.06,67
"09/27/2017, Cuyahoga",0.053,49
"09/28/2017, Cuyahoga",0.037,34
"09/29/2017, Cuyahoga",0.039,36
"09/30/2017, Cuyahoga",0.033,31
"10/01/2017, Cuyahoga",0.039,36
"10/02/2017, Cuyahoga",0.045,42
"10/03/2017, Cuyahoga",0.048,44
"10/04/2017, Cuyahoga",0.04,37
"10/06/2017, Cuyahoga",0.021,19
"10/07/2017, Cuyahoga",0.039,36
"10/08/2017, Cuyahoga",0.029,27
"10/09/2017, Cuyahoga",0.019,18
"10/10/2017, Cuyahoga",0.034,31
"10/11/2017, Cuyahoga",0.013,12
"10/12/2017, Cuyahoga",0.015,14
"10/13/2017, Cuyahoga",0.032,30
"10/14/2017, Cuyahoga",0.046,43
"10/15/2017, Cuyahoga",0.032,30
"10/16/2017, Cuyahoga",0.03,28
"10/17/2017, Cuyahoga",0.038,35
"10/18/2017, Cuyahoga",0.041,38
"10/19/2017, Cuyahoga",0.047,44
"10/20/2017, Cuyahoga",0.043,40
"10/21/2017, Cuyahoga",0.049,45
"10/22/2017, Cuyahoga",0.043,40
"10/23/2017, Cuyahoga",0.034,31
"10/24/2017, Cuyahoga",0.03,28
"10/25/2017, Cuyahoga",0.025,23
"10/26/2017, Cuyahoga",0.033,31
"10/27/2017, Cuyahoga",0.044,41
"10/28/2017, Cuyahoga",0.02,19
"10/29/2017, Cuyahoga",0.023,21
"10/30/2017, Cuyahoga",0.023,21
"03/01/2017, Cuyahoga",0.037,34
"03/02/2017, Cuyahoga",0.039,36
"03/03/2017, Cuyahoga",0.041,38
"03/04/2017, Cuyahoga",0.043,40
"03/05/2017, Cuyahoga",0.038,35
"03/06/2017, Cuyahoga",0.041,38
"03/07/2017, Cuyahoga",0.039,36
"03/08/2017, Cuyahoga",0.045,42
"03/09/2017, Cuyahoga",0.041,38
"03/10/2017, Cuyahoga",0.04,37
"03/11/2017, Cuyahoga",0.042,39
"03/12/2017, Cuyahoga",0.041,38
"03/13/2017, Cuyahoga",0.036,33
"03/14/2017, Cuyahoga",0.04,37
"03/15/2017, Cuyahoga",0.044,41
"03/16/2017, Cuyahoga",0.043,40
"03/17/2017, Cuyahoga",0.04,37
"03/18/2017, Cuyahoga",0.027,25
"03/19/2017, Cuyahoga",0.04,37
"03/20/2017, Cuyahoga",0.027,25
"03/21/2017, Cuyahoga",0.041,38
"03/22/2017, Cuyahoga",0.041,38
"03/23/2017, Cuyahoga",0.042,39
"03/24/2017, Cuyahoga",0.054,50
"03/25/2017, Cuyahoga",0.027,25
"03/26/2017, Cuyahoga",0.04,37
"03/27/2017, Cuyahoga",0.031,29
"03/28/2017, Cuyahoga",0.026,24
"03/29/2017, Cuyahoga",0.042,39
"03/30/2017, Cuyahoga",0.031,29
"03/31/2017, Cuyahoga",0.029,27
"04/01/2017, Cuyahoga",0.043,40
"04/02/2017, Cuyahoga",0.046,43
"04/03/2017, Cuyahoga",0.042,39
"04/04/2017, Cuyahoga",0.038,35
"04/05/2017, Cuyahoga",0.046,43
"04/06/2017, Cuyahoga",0.034,31
"04/07/2017, Cuyahoga",0.042,39
"04/08/2017, Cuyahoga",0.043,40
"04/09/2017, Cuyahoga",0.058,61
"04/10/2017, Cuyahoga",0.058,61
"04/11/2017, Cuyahoga",0.04,37
"04/12/2017, Cuyahoga",0.039,36
"04/13/2017, Cuyahoga",0.046,43
"04/14/2017, Cuyahoga",0.053,49
"04/15/2017, Cuyahoga",0.057,58
"04/16/2017, Cuyahoga",0.05,46
"04/17/2017, Cuyahoga",0.043,40
"04/18/2017, Cuyahoga",0.054,50
"04/19/2017, Cuyahoga",0.037,34
"04/20/2017, Cuyahoga",0.042,39
"04/21/2017, Cuyahoga",0.033,31
"04/22/2017, Cuyahoga",0.038,35
"04/23/2017, Cuyahoga",0.05,46
"04/24/2017, Cuyahoga",0.054,50
"04/25/2017, Cuyahoga",0.042,39
"04/26/2017, Cuyahoga",0.046,43
"04/27/2017, Cuyahoga",0.049,45
"04/28/2017, Cuyahoga",0.036,33
"04/29/2017, Cuyahoga",0.032,30
"04/30/2017, Cuyahoga",0.036,33
"05/01/2017, Cuyahoga",0.044,41
"05/03/2017, Cuyahoga",0.044,41
"05/04/2017, Cuyahoga",0.031,29
"05/05/2017, Cuyahoga",0.037,34
"05/06/2017, Cuyahoga",0.037,34
"05/07/2017, Cuyahoga",0.041,38
"05/08/2017, Cuyahoga",0.042,39
"05/09/2017, Cuyahoga",0.049,45
"05/10/2017, Cuyahoga",0.044,41
"05/11/2017, Cuyahoga",0.036,33
"05/12/2017, Cuyahoga",0.035,32
"05/13/2017, Cuyahoga",0.051,47
"05/14/2017, Cuyahoga",0.042,39
"05/15/2017, Cuyahoga",0.035,32
"05/16/2017, Cuyahoga",0.067,90
"05/17/2017, Cuyahoga",0.055,51
"05/18/2017, Cuyahoga",0.054,50
"05/19/2017, Cuyahoga",0.027,25
"05/20/2017, Cuyahoga",0.036,33
"05/21/2017, Cuyahoga",0.034,31
"05/22/2017, Cuyahoga",0.048,44
"05/23/2017, Cuyahoga",0.057,58
"05/24/2017, Cuyahoga",0.036,33
"05/25/2017, Cuyahoga",0.033,31
"05/26/2017, Cuyahoga",0.039,36
"05/27/2017, Cuyahoga",0.042,39
"05/28/2017, Cuyahoga",0.048,44
"05/29/2017, Cuyahoga",0.049,45
"05/30/2017, Cuyahoga",0.049,45
"05/31/2017, Cuyahoga",0.051,47
"06/01/2017, Cuyahoga",0.049,45
"06/02/2017, Cuyahoga",0.052,48
"06/03/2017, Cuyahoga",0.052,48
"06/04/2017, Cuyahoga",0.056,54
"06/05/2017, Cuyahoga",0.045,42
"06/06/2017, Cuyahoga",0.031,29
"06/07/2017, Cuyahoga",0.031,29
"06/08/2017, Cuyahoga",0.042,39
"06/13/2017, Cuyahoga",0.076,119
"06/14/2017, Cuyahoga",0.067,90
"06/15/2017, Cuyahoga",0.051,47
"06/16/2017, Cuyahoga",0.065,84
"06/17/2017, Cuyahoga",0.06,67
"06/18/2017, Cuyahoga",0.041,38
"06/19/2017, Cuyahoga",0.044,41
"06/20/2017, Cuyahoga",0.048,44
"06/21/2017, Cuyahoga",0.047,44
"06/22/2017, Cuyahoga",0.053,49
"06/23/2017, Cuyahoga",0.03,28
"06/24/2017, Cuyahoga",0.046,43
"06/25/2017, Cuyahoga",0.047,44
"06/26/2017, Cuyahoga",0.041,38
"06/27/2017, Cuyahoga",0.037,34
"06/28/2017, Cuyahoga",0.052,48
"06/29/2017, Cuyahoga",0.059,64
"06/30/2017, Cuyahoga",0.054,50
"07/01/2017, Cuyahoga",0.054,50
"07/02/2017, Cuyahoga",0.059,64
"07/03/2017, Cuyahoga",0.053,49
"07/04/2017, Cuyahoga",0.041,38
"07/05/2017, Cuyahoga",0.049,45
"07/06/2017, Cuyahoga",0.068,93
"07/07/2017, Cuyahoga",0.059,64
"07/08/2017, Cuyahoga",0.036,33
"07/09/2017, Cuyahoga",0.054,50
"07/10/2017, Cuyahoga",0.039,36
"07/11/2017, Cuyahoga",0.059,64
"07/12/2017, Cuyahoga",0.055,51
"07/13/2017, Cuyahoga",0.041,38
"07/14/2017, Cuyahoga",0.046,43
"07/15/2017, Cuyahoga",0.036,33
"07/16/2017, Cuyahoga",0.05,46
"07/17/2017, Cuyahoga",0.042,39
"07/18/2017, Cuyahoga",0.062,74
"07/19/2017, Cuyahoga",0.072,105
"07/20/2017, Cuyahoga",0.056,54
"07/21/2017, Cuyahoga",0.059,64
"07/22/2017, Cuyahoga",0.048,44
"07/23/2017, Cuyahoga",0.053,49
"07/24/2017, Cuyahoga",0.032,30
"07/25/2017, Cuyahoga",0.038,35
"07/26/2017, Cuyahoga",0.062,74
"07/27/2017, Cuyahoga",0.071,101
"07/28/2017, Cuyahoga",0.036,33
"07/29/2017, Cuyahoga",0.036,33
"07/30/2017, Cuyahoga",0.033,31
"07/31/2017, Cuyahoga",0.043,40
"08/01/2017, Cuyahoga",0.059,64
"08/02/2017, Cuyahoga",0.068,93
"08/03/2017, Cuyahoga",0.053,49
"08/04/2017, Cuyahoga",0.043,40
"08/05/2017, Cuyahoga",0.037,34
"08/06/2017, Cuyahoga",0.046,43
"08/07/2017, Cuyahoga",0.045,42
"08/08/2017, Cuyahoga",0.04,37
"08/09/2017, Cuyahoga",0.059,64
"08/10/2017, Cuyahoga",0.049,45
"08/11/2017, Cuyahoga",0.047,44
"08/12/2017, Cuyahoga",0.053,49
"08/13/2017, Cuyahoga",0.033,31
"08/14/2017, Cuyahoga",0.053,49
"08/15/2017, Cuyahoga",0.06,67
"08/16/2017, Cuyahoga",0.053,49
"08/17/2017, Cuyahoga",0.041,38
"08/18/2017, Cuyahoga",0.047,44
"08/19/2017, Cuyahoga",0.055,51
"08/20/2017, Cuyahoga",0.061,71
"08/21/2017, Cuyahoga",0.062,74
"08/22/2017, Cuyahoga",0.042,39
"08/23/2017, Cuyahoga",0.038,35
"08/24/2017, Cuyahoga",0.034,31
"08/25/2017, Cuyahoga",0.036,33
"08/26/2017, Cuyahoga",0.043,40
"08/27/2017, Cuyahoga",0.048,44
"08/28/2017, Cuyahoga",0.053,49
"08/29/2017, Cuyahoga",0.043,40
"08/30/2017, Cuyahoga",0.057,58
"08/31/2017, Cuyahoga",0.035,32
"09/01/2017, Cuyahoga",0.032,30
"09/02/2017, Cuyahoga",0.03,28
"09/03/2017, Cuyahoga",0.046,43
"09/04/2017, Cuyahoga",0.051,47
"09/05/2017, Cuyahoga",0.042,39
"09/06/2017, Cuyahoga",0.032,30
"09/07/2017, Cuyahoga",0.023,21
"09/08/2017, Cuyahoga",0.034,31
"09/09/2017, Cuyahoga",0.032,30
"09/10/2017, Cuyahoga",0.029,27
"09/11/2017, Cuyahoga",0.033,31
"09/12/2017, Cuyahoga",0.04,37
"09/13/2017, Cuyahoga",0.037,34
"09/14/2017, Cuyahoga",0.027,25
"09/15/2017, Cuyahoga",0.038,35
"09/16/2017, Cuyahoga",0.049,45
"09/17/2017, Cuyahoga",0.054,50
"09/18/2017, Cuyahoga",0.05,46
"09/19/2017, Cuyahoga",0.043,40
"09/20/2017, Cuyahoga",0.054,50
"09/21/2017, Cuyahoga",0.065,84
"09/22/2017, Cuyahoga",0.053,49
"09/23/2017, Cuyahoga",0.057,58
"09/24/2017, Cuyahoga",0.058,61
"09/25/2017, Cuyahoga",0.055,51
"09/26/2017, Cuyahoga",0.063,77
"09/27/2017, Cuyahoga",0.059,64
"09/28/2017, Cuyahoga",0.038,35
"09/29/2017, Cuyahoga",0.038,35
"09/30/2017, Cuyahoga",0.034,31
"10/01/2017, Cuyahoga",0.042,39
"10/02/2017, Cuyahoga",0.047,44
"10/03/2017, Cuyahoga",0.051,47
"10/04/2017, Cuyahoga",0.042,39
"10/05/2017, Cuyahoga",0.031,29
"10/06/2017, Cuyahoga",0.024,22
"10/07/2017, Cuyahoga",0.043,40
"10/08/2017, Cuyahoga",0.03,28
"10/09/2017, Cuyahoga",0.026,24
"10/10/2017, Cuyahoga",0.037,34
"10/11/2017, Cuyahoga",0.019,18
"10/12/2017, Cuyahoga",0.023,21
"10/13/2017, Cuyahoga",0.032,30
"10/14/2017, Cuyahoga",0.051,47
"10/15/2017, Cuyahoga",0.03,28
"10/16/2017, Cuyahoga",0.03,28
"10/17/2017, Cuyahoga",0.038,35
"10/18/2017, Cuyahoga",0.039,36
"10/19/2017, Cuyahoga",0.053,49
"10/20/2017, Cuyahoga",0.045,42
"10/21/2017, Cuyahoga",0.055,51
"10/22/2017, Cuyahoga",0.055,51
"10/23/2017, Cuyahoga",0.04,37
"10/24/2017, Cuyahoga",0.033,31
"10/25/2017, Cuyahoga",0.029,27
"10/26/2017, Cuyahoga",0.034,31
"10/27/2017, Cuyahoga",0.046,43
"10/28/2017, Cuyahoga",0.021,19
"10/29/2017, Cuyahoga",0.03,28
"10/30/2017, Cuyahoga",0.026,24
"03/01/2017, Geauga",0.039,36
"03/02/2017, Geauga",0.042,39
"03/03/2017, Geauga",0.043,40
"03/04/2017, Geauga",0.044,41
"03/05/2017, Geauga",0.041,38
"03/06/2017, Geauga",0.045,42
"03/07/2017, Geauga",0.044,41
"03/08/2017, Geauga",0.048,44
"03/09/2017, Geauga",0.045,42
"03/10/2017, Geauga",0.043,40
"03/11/2017, Geauga",0.043,40
"03/12/2017, Geauga",0.043,40
"03/13/2017, Geauga",0.038,35
"03/14/2017, Geauga",0.044,41
"03/15/2017, Geauga",0.047,44
"03/16/2017, Geauga",0.045,42
"03/17/2017, Geauga",0.044,41
"03/18/2017, Geauga",0.03,28
"03/19/2017, Geauga",0.046,43
"03/20/2017, Geauga",0.029,27
"03/21/2017, Geauga",0.047,44
"03/22/2017, Geauga",0.044,41
"03/23/2017, Geauga",0.043,40
"03/24/2017, Geauga",0.058,61
"03/25/2017, Geauga",0.035,32
"03/26/2017, Geauga",0.047,44
"03/27/2017, Geauga",0.037,34
"03/28/2017, Geauga",0.027,25
"03/29/2017, Geauga",0.045,42
"03/30/2017, Geauga",0.034,31
"03/31/2017, Geauga",0.029,27
"04/01/2017, Geauga",0.045,42
"04/02/2017, Geauga",0.051,47
"04/03/2017, Geauga",0.044,41
"04/04/2017, Geauga",0.042,39
"04/05/2017, Geauga",0.052,48
"04/06/2017, Geauga",0.035,32
"04/07/2017, Geauga",0.047,44
"04/08/2017, Geauga",0.047,44
"04/09/2017, Geauga",0.063,77
"04/10/2017, Geauga",0.062,74
"04/11/2017, Geauga",0.044,41
"04/12/2017, Geauga",0.045,42
"04/13/2017, Geauga",0.047,44
"04/14/2017, Geauga",0.059,64
"04/15/2017, Geauga",0.061,71
"04/16/2017, Geauga",0.054,50
"04/17/2017, Geauga",0.048,44
"04/18/2017, Geauga",0.06,67
"04/19/2017, Geauga",0.042,39
"04/20/2017, Geauga",0.049,45
"04/21/2017, Geauga",0.038,35
"04/22/2017, Geauga",0.041,38
"04/23/2017, Geauga",0.052,48
"04/24/2017, Geauga",0.058,61
"04/25/2017, Geauga",0.047,44
"04/26/2017, Geauga",0.051,47
"04/27/2017, Geauga",0.053,49
"04/28/2017, Geauga",0.04,37
"04/29/2017, Geauga",0.033,31
"04/30/2017, Geauga",0.04,37
"05/01/2017, Geauga",0.049,45
"05/02/2017, Geauga",0.045,42
"05/03/2017, Geauga",0.046,43
"05/04/2017, Geauga",0.037,34
"05/05/2017, Geauga",0.039,36
"05/06/2017, Geauga",0.038,35
"05/07/2017, Geauga",0.043,40
"05/08/2017, Geauga",0.046,43
"05/09/2017, Geauga",0.053,49
"05/10/2017, Geauga",0.051,47
"05/11/2017, Geauga",0.044,41
"05/12/2017, Geauga",0.036,33
"05/13/2017, Geauga",0.052,48
"05/14/2017, Geauga",0.045,42
"05/15/2017, Geauga",0.043,40
"05/16/2017, Geauga",0.071,101
"05/17/2017, Geauga",0.061,71
"05/18/2017, Geauga",0.056,54
"05/19/2017, Geauga",0.03,28
"05/20/2017, Geauga",0.038,35
"05/21/2017, Geauga",0.038,35
"05/22/2017, Geauga",0.051,47
"05/23/2017, Geauga",0.06,67
"05/24/2017, Geauga",0.041,38
"05/25/2017, Geauga",0.039,36
"05/26/2017, Geauga",0.042,39
"05/27/2017, Geauga",0.044,41
"05/28/2017, Geauga",0.05,46
"05/29/2017, Geauga",0.052,48
"05/30/2017, Geauga",0.053,49
"05/31/2017, Geauga",0.055,51
"06/01/2017, Geauga",0.053,49
"06/02/2017, Geauga",0.055,51
"06/03/2017, Geauga",0.053,49
"06/04/2017, Geauga",0.056,54
"06/05/2017, Geauga",0.048,44
"06/06/2017, Geauga",0.033,31
"06/07/2017, Geauga",0.038,35
"06/08/2017, Geauga",0.044,41
"06/09/2017, Geauga",0.057,58
"06/10/2017, Geauga",0.074,112
"06/11/2017, Geauga",0.069,97
"06/12/2017, Geauga",0.064,80
"06/13/2017, Geauga",0.077,122
"06/14/2017, Geauga",0.065,84
"06/15/2017, Geauga",0.058,61
"06/16/2017, Geauga",0.068,93
"06/17/2017, Geauga",0.068,93
"06/18/2017, Geauga",0.044,41
"06/19/2017, Geauga",0.05,46
"06/20/2017, Geauga",0.05,46
"06/21/2017, Geauga",0.053,49
"06/22/2017, Geauga",0.055,51
"06/23/2017, Geauga",0.031,29
"06/24/2017, Geauga",0.047,44
"06/25/2017, Geauga",0.049,45
"06/26/2017, Geauga",0.041,38
"06/27/2017, Geauga",0.037,34
"06/28/2017, Geauga",0.05,46
"06/29/2017, Geauga",0.058,61
"06/30/2017, Geauga",0.052,48
"07/01/2017, Geauga",0.051,47
"07/02/2017, Geauga",0.059,64
"07/03/2017, Geauga",0.055,51
"07/04/2017, Geauga",0.04,37
"07/05/2017, Geauga",0.052,48
"07/06/2017, Geauga",0.066,87
"07/07/2017, Geauga",0.058,61
"07/08/2017, Geauga",0.035,32
"07/09/2017, Geauga",0.052,48
"07/10/2017, Geauga",0.04,37
"07/11/2017, Geauga",0.052,48
"07/12/2017, Geauga",0.052,48
"07/13/2017, Geauga",0.039,36
"07/14/2017, Geauga",0.045,42
"07/15/2017, Geauga",0.034,31
"07/16/2017, Geauga",0.047,44
"07/17/2017, Geauga",0.041,38
"07/18/2017, Geauga",0.061,71
"07/19/2017, Geauga",0.073,108
"07/20/2017, Geauga",0.059,64
"07/21/2017, Geauga",0.056,54
"07/22/2017, Geauga",0.042,39
"07/23/2017, Geauga",0.051,47
"07/24/2017, Geauga",0.031,29
"07/25/2017, Geauga",0.038,35
"07/26/2017, Geauga",0.056,54
"07/27/2017, Geauga",0.07,100
"07/28/2017, Geauga",0.039,36
"07/29/2017, Geauga",0.035,32
"07/30/2017, Geauga",0.037,34
"07/31/2017, Geauga",0.047,44
"08/01/2017, Geauga",0.061,71
"08/02/2017, Geauga",0.058,61
"08/03/2017, Geauga",0.054,50
"08/04/2017, Geauga",0.043,40
"08/05/2017, Geauga",0.037,34
"08/06/2017, Geauga",0.041,38
"08/07/2017, Geauga",0.047,44
"08/08/2017, Geauga",0.042,39
"08/09/2017, Geauga",0.059,64
"08/10/2017, Geauga",0.044,41
"08/11/2017, Geauga",0.044,41
"08/12/2017, Geauga",0.053,49
"08/13/2017, Geauga",0.035,32
"08/14/2017, Geauga",0.052,48
"08/15/2017, Geauga",0.062,74
"08/16/2017, Geauga",0.054,50
"08/17/2017, Geauga",0.039,36
"08/18/2017, Geauga",0.049,45
"08/19/2017, Geauga",0.055,51
"08/20/2017, Geauga",0.058,61
"08/21/2017, Geauga",0.063,77
"08/22/2017, Geauga",0.041,38
"08/23/2017, Geauga",0.039,36
"08/24/2017, Geauga",0.032,30
"08/25/2017, Geauga",0.035,32
"08/26/2017, Geauga",0.042,39
"08/27/2017, Geauga",0.046,43
"08/28/2017, Geauga",0.055,51
"08/29/2017, Geauga",0.045,42
"08/30/2017, Geauga",0.059,64
"08/31/2017, Geauga",0.036,33
"09/01/2017, Geauga",0.033,31
"09/02/2017, Geauga",0.031,29
"09/03/2017, Geauga",0.046,43
"09/04/2017, Geauga",0.053,49
"09/05/2017, Geauga",0.043,40
"09/06/2017, Geauga",0.035,32
"09/07/2017, Geauga",0.024,22
"09/08/2017, Geauga",0.036,33
"09/09/2017, Geauga",0.034,31
"09/10/2017, Geauga",0.029,27
"09/11/2017, Geauga",0.035,32
"09/12/2017, Geauga",0.044,41
"09/13/2017, Geauga",0.04,37
"09/14/2017, Geauga",0.026,24
"09/15/2017, Geauga",0.04,37
"09/16/2017, Geauga",0.046,43
"09/17/2017, Geauga",0.049,45
"09/18/2017, Geauga",0.052,48
"09/19/2017, Geauga",0.046,43
"09/20/2017, Geauga",0.053,49
"09/21/2017, Geauga",0.064,80
"09/22/2017, Geauga",0.051,47
"09/23/2017, Geauga",0.056,54
"09/24/2017, Geauga",0.06,67
"09/25/2017, Geauga",0.058,61
"09/26/2017, Geauga",0.07,100
"09/27/2017, Geauga",0.062,74
"09/28/2017, Geauga",0.042,39
"09/29/2017, Geauga",0.041,38
"09/30/2017, Geauga",0.037,34
"10/01/2017, Geauga",0.046,43
"10/02/2017, Geauga",0.051,47
"10/03/2017, Geauga",0.059,64
"10/04/2017, Geauga",0.045,42
"10/05/2017, Geauga",0.032,30
"10/06/2017, Geauga",0.028,26
"10/07/2017, Geauga",0.046,43
"10/08/2017, Geauga",0.031,29
"10/09/2017, Geauga",0.027,25
"10/10/2017, Geauga",0.041,38
"10/11/2017, Geauga",0.025,23
"10/12/2017, Geauga",0.023,21
"10/13/2017, Geauga",0.038,35
"10/14/2017, Geauga",0.054,50
"10/15/2017, Geauga",0.032,30
"10/16/2017, Geauga",0.033,31
"10/17/2017, Geauga",0.043,40
"10/18/2017, Geauga",0.046,43
"10/19/2017, Geauga",0.055,51
"10/20/2017, Geauga",0.05,46
"10/21/2017, Geauga",0.053,49
"10/22/2017, Geauga",0.058,61
"10/23/2017, Geauga",0.042,39
"10/24/2017, Geauga",0.035,32
"10/25/2017, Geauga",0.029,27
"10/26/2017, Geauga",0.037,34
"10/27/2017, Geauga",0.051,47
"10/28/2017, Geauga",0.022,20
"10/29/2017, Geauga",0.03,28
"10/30/2017, Geauga",0.027,25
"03/01/2017, Lake",0.038,35
"03/02/2017, Lake",0.04,37
"03/03/2017, Lake",0.041,38
"03/04/2017, Lake",0.043,40
"03/05/2017, Lake",0.04,37
"03/06/2017, Lake",0.042,39
"03/07/2017, Lake",0.042,39
"03/08/2017, Lake",0.047,44
"03/09/2017, Lake",0.04,37
"03/10/2017, Lake",0.04,37
"03/11/2017, Lake",0.041,38
"03/12/2017, Lake",0.041,38
"03/13/2017, Lake",0.037,34
"03/14/2017, Lake",0.041,38
"03/15/2017, Lake",0.046,43
"03/16/2017, Lake",0.043,40
"03/17/2017, Lake",0.041,38
"03/18/2017, Lake",0.029,27
"03/19/2017, Lake",0.044,41
"03/20/2017, Lake",0.027,25
"03/21/2017, Lake",0.041,38
"03/22/2017, Lake",0.042,39
"03/23/2017, Lake",0.042,39
"03/24/2017, Lake",0.056,54
"03/25/2017, Lake",0.03,28
"03/26/2017, Lake",0.035,32
"03/27/2017, Lake",0.032,30
"03/28/2017, Lake",0.03,28
"03/29/2017, Lake",0.038,35
"03/30/2017, Lake",0.032,30
"03/31/2017, Lake",0.03,28
"04/01/2017, Lake",0.046,43
"04/02/2017, Lake",0.048,44
"04/03/2017, Lake",0.045,42
"04/04/2017, Lake",0.039,36
"04/05/2017, Lake",0.045,42
"04/06/2017, Lake",0.035,32
"04/07/2017, Lake",0.044,41
"04/08/2017, Lake",0.043,40
"04/09/2017, Lake",0.06,67
"04/10/2017, Lake",0.059,64
"04/11/2017, Lake",0.042,39
"04/12/2017, Lake",0.039,36
"04/13/2017, Lake",0.042,39
"04/14/2017, Lake",0.05,46
"04/15/2017, Lake",0.059,64
"04/16/2017, Lake",0.053,49
"04/17/2017, Lake",0.046,43
"04/18/2017, Lake",0.046,43
"04/19/2017, Lake",0.04,37
"04/20/2017, Lake",0.03,28
"04/21/2017, Lake",0.035,32
"04/22/2017, Lake",0.038,35
"04/23/2017, Lake",0.045,42
"04/24/2017, Lake",0.046,43
"04/25/2017, Lake",0.044,41
"04/26/2017, Lake",0.049,45
"04/27/2017, Lake",0.051,47
"04/28/2017, Lake",0.035,32
"04/29/2017, Lake",0.038,35
"04/30/2017, Lake",0.033,31
"05/01/2017, Lake",0.046,43
"05/02/2017, Lake",0.045,42
"05/03/2017, Lake",0.044,41
"05/04/2017, Lake",0.032,30
"05/05/2017, Lake",0.04,37
"05/06/2017, Lake",0.038,35
"05/07/2017, Lake",0.041,38
"05/08/2017, Lake",0.044,41
"05/09/2017, Lake",0.053,49
"05/10/2017, Lake",0.046,43
"05/11/2017, Lake",0.036,33
"05/12/2017, Lake",0.04,37
"05/13/2017, Lake",0.053,49
"05/14/2017, Lake",0.04,37
"05/15/2017, Lake",0.032,30
"05/16/2017, Lake",0.072,105
"05/17/2017, Lake",0.058,61
"05/18/2017, Lake",0.056,54
"05/19/2017, Lake",0.031,29
"05/20/2017, Lake",0.037,34
"05/21/2017, Lake",0.037,34
"05/22/2017, Lake",0.05,46
"05/23/2017, Lake",0.061,71
"05/24/2017, Lake",0.039,36
"05/25/2017, Lake",0.034,31
"05/26/2017, Lake",0.041,38
"05/27/2017, Lake",0.046,43
"05/28/2017, Lake",0.044,41
"05/29/2017, Lake",0.053,49
"05/30/2017, Lake",0.053,49
"05/31/2017, Lake",0.055,51
"06/01/2017, Lake",0.045,42
"06/02/2017, Lake",0.048,44
"06/03/2017, Lake",0.049,45
"06/04/2017, Lake",0.063,77
"06/05/2017, Lake",0.048,44
"06/06/2017, Lake",0.032,30
"06/07/2017, Lake",0.036,33
"06/08/2017, Lake",0.048,44
"06/09/2017, Lake",0.051,47
"06/10/2017, Lake",0.073,108
"06/11/2017, Lake",0.069,97
"06/12/2017, Lake",0.068,93
"06/13/2017, Lake",0.082,140
"06/14/2017, Lake",0.049,45
"06/15/2017, Lake",0.054,50
"06/16/2017, Lake",0.065,84
"06/17/2017, Lake",0.064,80
"06/18/2017, Lake",0.046,43
"06/19/2017, Lake",0.049,45
"06/20/2017, Lake",0.048,44
"06/21/2017, Lake",0.05,46
"06/22/2017, Lake",0.054,50
"06/23/2017, Lake",0.036,33
"06/24/2017, Lake",0.047,44
"06/25/2017, Lake",0.048,44
"06/26/2017, Lake",0.042,39
"06/27/2017, Lake",0.038,35
"06/28/2017, Lake",0.052,48
"06/29/2017, Lake",0.059,64
"06/30/2017, Lake",0.053,49
"07/01/2017, Lake",0.055,51
"07/02/2017, Lake",0.061,71
"07/03/2017, Lake",0.05,46
"07/04/2017, Lake",0.042,39
"07/05/2017, Lake",0.044,41
"07/06/2017, Lake",0.063,77
"07/07/2017, Lake",0.06,67
"07/08/2017, Lake",0.036,33
"07/09/2017, Lake",0.055,51
"07/10/2017, Lake",0.039,36
"07/11/2017, Lake",0.061,71
"07/12/2017, Lake",0.054,50
"07/13/2017, Lake",0.042,39
"07/14/2017, Lake",0.048,44
"07/15/2017, Lake",0.035,32
"07/16/2017, Lake",0.051,47
"07/17/2017, Lake",0.042,39
"07/18/2017, Lake",0.059,64
"07/19/2017, Lake",0.084,147
"07/20/2017, Lake",0.058,61
"07/21/2017, Lake",0.063,77
"07/22/2017, Lake",0.054,50
"07/23/2017, Lake",0.057,58
"07/24/2017, Lake",0.031,29
"07/25/2017, Lake",0.036,33
"07/26/2017, Lake",0.056,54
"07/27/2017, Lake",0.073,108
"07/28/2017, Lake",0.035,32
"07/29/2017, Lake",0.038,35
"07/30/2017, Lake",0.036,33
"07/31/2017, Lake",0.048,44
"08/01/2017, Lake",0.064,80
"08/02/2017, Lake",0.066,87
"08/03/2017, Lake",0.054,50
"08/04/2017, Lake",0.04,37
"08/05/2017, Lake",0.036,33
"08/06/2017, Lake",0.046,43
"08/07/2017, Lake",0.048,44
"08/08/2017, Lake",0.044,41
"08/09/2017, Lake",0.058,61
"08/10/2017, Lake",0.054,50
"08/11/2017, Lake",0.044,41
"08/12/2017, Lake",0.052,48
"08/13/2017, Lake",0.032,30
"08/14/2017, Lake",0.05,46
"08/15/2017, Lake",0.067,90
"08/16/2017, Lake",0.048,44
"08/17/2017, Lake",0.04,37
"08/18/2017, Lake",0.048,44
"08/19/2017, Lake",0.055,51
"08/20/2017, Lake",0.065,84
"08/21/2017, Lake",0.059,64
"08/22/2017, Lake",0.044,41
"08/23/2017, Lake",0.039,36
"08/24/2017, Lake",0.037,34
"08/25/2017, Lake",0.037,34
"08/26/2017, Lake",0.043,40
"08/27/2017, Lake",0.042,39
"08/28/2017, Lake",0.052,48
"08/29/2017, Lake",0.044,41
"08/30/2017, Lake",0.064,80
"08/31/2017, Lake",0.037,34
"09/01/2017, Lake",0.036,33
"09/02/2017, Lake",0.03,28
"09/03/2017, Lake",0.047,44
"09/04/2017, Lake",0.053,49
"09/05/2017, Lake",0.047,44
"09/06/2017, Lake",0.034,31
"09/07/2017, Lake",0.028,26
"09/08/2017, Lake",0.034,31
"09/09/2017, Lake",0.031,29
"09/10/2017, Lake",0.031,29
"09/11/2017, Lake",0.036,33
"09/12/2017, Lake",0.042,39
"09/13/2017, Lake",0.043,40
"09/14/2017, Lake",0.035,32
"09/15/2017, Lake",0.041,38
"09/16/2017, Lake",0.049,45
"09/17/2017, Lake",0.054,50
"09/18/2017, Lake",0.052,48
"09/19/2017, Lake",0.041,38
"09/20/2017, Lake",0.057,58
"09/21/2017, Lake",0.059,64
"09/22/2017, Lake",0.047,44
"09/23/2017, Lake",0.06,67
"09/24/2017, Lake",0.062,74
"09/25/2017, Lake",0.061,71
"09/26/2017, Lake",0.066,87
"09/27/2017, Lake",0.058,61
"09/28/2017, Lake",0.04,37
"09/29/2017, Lake",0.041,38
"09/30/2017, Lake",0.035,32
"10/01/2017, Lake",0.039,36
"10/02/2017, Lake",0.048,44
"10/03/2017, Lake",0.063,77
"10/04/2017, Lake",0.045,42
"10/05/2017, Lake",0.032,30
"10/06/2017, Lake",0.026,24
"10/07/2017, Lake",0.045,42
"10/08/2017, Lake",0.029,27
"10/09/2017, Lake",0.031,29
"10/10/2017, Lake",0.038,35
"10/11/2017, Lake",0.023,21
"10/12/2017, Lake",0.019,18
"10/13/2017, Lake",0.034,31
"10/14/2017, Lake",0.052,48
"10/15/2017, Lake",0.031,29
"10/16/2017, Lake",0.031,29
"10/17/2017, Lake",0.039,36
"10/18/2017, Lake",0.043,40
"10/19/2017, Lake",0.053,49
"10/20/2017, Lake",0.044,41
"10/21/2017, Lake",0.05,46
"10/22/2017, Lake",0.05,46
"10/23/2017, Lake",0.039,36
"10/24/2017, Lake",0.033,31
"10/25/2017, Lake",0.031,29
"10/26/2017, Lake",0.032,30
"10/27/2017, Lake",0.044,41
"10/28/2017, Lake",0.019,18
"10/29/2017, Lake",0.031,29
"10/30/2017, Lake",0.022,20
"03/01/2017, Lake",0.034,31
"03/02/2017, Lake",0.035,32
"03/03/2017, Lake",0.036,33
"03/04/2017, Lake",0.038,35
"03/05/2017, Lake",0.039,36
"03/06/2017, Lake",0.044,41
"03/07/2017, Lake",0.041,38
"03/08/2017, Lake",0.042,39
"03/09/2017, Lake",0.039,36
"03/10/2017, Lake",0.035,32
"03/11/2017, Lake",0.036,33
"03/12/2017, Lake",0.036,33
"03/13/2017, Lake",0.036,33
"03/14/2017, Lake",0.037,34
"03/15/2017, Lake",0.041,38
"03/16/2017, Lake",0.037,34
"03/17/2017, Lake",0.042,39
"03/18/2017, Lake",0.028,26
"03/19/2017, Lake",0.04,37
"03/20/2017, Lake",0.027,25
"03/21/2017, Lake",0.039,36
"03/22/2017, Lake",0.039,36
"03/23/2017, Lake",0.044,41
"03/24/2017, Lake",0.053,49
"03/25/2017, Lake",0.031,29
"03/26/2017, Lake",0.04,37
"03/27/2017, Lake",0.031,29
"03/28/2017, Lake",0.026,24
"03/29/2017, Lake",0.037,34
"03/30/2017, Lake",0.032,30
"03/31/2017, Lake",0.026,24
"04/01/2017, Lake",0.041,38
"04/02/2017, Lake",0.048,44
"04/03/2017, Lake",0.041,38
"04/04/2017, Lake",0.029,27
"04/05/2017, Lake",0.041,38
"04/06/2017, Lake",0.032,30
"04/07/2017, Lake",0.04,37
"04/08/2017, Lake",0.039,36
"04/09/2017, Lake",0.058,61
"04/10/2017, Lake",0.056,54
"04/11/2017, Lake",0.04,37
"04/12/2017, Lake",0.038,35
"04/13/2017, Lake",0.042,39
"04/14/2017, Lake",0.051,47
"04/15/2017, Lake",0.057,58
"04/16/2017, Lake",0.051,47
"04/17/2017, Lake",0.044,41
"04/18/2017, Lake",0.047,44
"04/19/2017, Lake",0.036,33
"04/20/2017, Lake",0.03,28
"04/21/2017, Lake",0.034,31
"04/22/2017, Lake",0.037,34
"04/23/2017, Lake",0.044,41
"04/24/2017, Lake",0.047,44
"04/25/2017, Lake",0.042,39
"04/26/2017, Lake",0.047,44
"04/27/2017, Lake",0.047,44
"04/28/2017, Lake",0.036,33
"04/29/2017, Lake",0.037,34
"04/30/2017, Lake",0.028,26
"05/01/2017, Lake",0.041,38
"05/02/2017, Lake",0.041,38
"05/03/2017, Lake",0.042,39
"05/04/2017, Lake",0.031,29
"05/05/2017, Lake",0.038,35
"05/06/2017, Lake",0.035,32
"05/07/2017, Lake",0.037,34
"05/08/2017, Lake",0.039,36
"05/09/2017, Lake",0.05,46
"05/10/2017, Lake",0.045,42
"05/11/2017, Lake",0.037,34
"05/12/2017, Lake",0.04,37
"05/13/2017, Lake",0.053,49
"05/14/2017, Lake",0.04,37
"05/15/2017, Lake",0.038,35
"05/16/2017, Lake",0.073,108
"05/17/2017, Lake",0.061,71
"05/18/2017, Lake",0.057,58
"05/19/2017, Lake",0.03,28
"05/20/2017, Lake",0.038,35
"05/21/2017, Lake",0.037,34
"05/22/2017, Lake",0.051,47
"05/23/2017, Lake",0.059,64
"05/24/2017, Lake",0.042,39
"05/25/2017, Lake",0.034,31
"05/26/2017, Lake",0.041,38
"05/27/2017, Lake",0.043,40
"05/28/2017, Lake",0.044,41
"05/29/2017, Lake",0.054,50
"05/30/2017, Lake",0.054,50
"05/31/2017, Lake",0.055,51
"06/01/2017, Lake",0.044,41
"06/02/2017, Lake",0.049,45
"06/03/2017, Lake",0.053,49
"06/04/2017, Lake",0.063,77
"06/05/2017, Lake",0.048,44
"06/06/2017, Lake",0.032,30
"06/07/2017, Lake",0.034,31
"06/08/2017, Lake",0.044,41
"06/09/2017, Lake",0.056,54
"06/10/2017, Lake",0.075,115
"06/11/2017, Lake",0.072,105
"06/12/2017, Lake",0.068,93
"06/13/2017, Lake",0.083,143
"06/14/2017, Lake",0.05,46
"06/15/2017, Lake",0.054,50
"06/16/2017, Lake",0.066,87
"06/17/2017, Lake",0.067,90
"06/18/2017, Lake",0.046,43
"06/19/2017, Lake",0.05,46
"06/20/2017, Lake",0.049,45
"06/21/2017, Lake",0.048,44
"06/22/2017, Lake",0.053,49
"06/23/2017, Lake",0.034,31
"06/24/2017, Lake",0.046,43
"06/25/2017, Lake",0.048,44
"06/26/2017, Lake",0.042,39
"06/27/2017, Lake",0.039,36
"06/28/2017, Lake",0.051,47
"06/29/2017, Lake",0.059,64
"06/30/2017, Lake",0.053,49
"07/01/2017, Lake",0.054,50
"07/02/2017, Lake",0.059,64
"07/03/2017, Lake",0.047,44
"07/04/2017, Lake",0.04,37
"07/05/2017, Lake",0.043,40
"07/06/2017, Lake",0.059,64
"07/07/2017, Lake",0.06,67
"07/08/2017, Lake",0.034,31
"07/09/2017, Lake",0.053,49
"07/10/2017, Lake",0.04,37
"07/11/2017, Lake",0.058,61
"07/12/2017, Lake",0.051,47
"07/13/2017, Lake",0.04,37
"07/14/2017, Lake",0.045,42
"07/15/2017, Lake",0.032,30
"07/16/2017, Lake",0.05,46
"07/17/2017, Lake",0.037,34
"07/18/2017, Lake",0.055,51
"07/19/2017, Lake",0.069,97
"07/20/2017, Lake",0.052,48
"07/21/2017, Lake",0.057,58
"07/22/2017, Lake",0.049,45
"07/23/2017, Lake",0.052,48
"07/24/2017, Lake",0.03,28
"07/25/2017, Lake",0.035,32
"07/26/2017, Lake",0.053,49
"07/27/2017, Lake",0.068,93
"07/28/2017, Lake",0.034,31
"07/29/2017, Lake",0.037,34
"07/30/2017, Lake",0.034,31
"07/31/2017, Lake",0.044,41
"08/01/2017, Lake",0.059,64
"08/02/2017, Lake",0.065,84
"08/03/2017, Lake",0.055,51
"08/04/2017, Lake",0.041,38
"08/05/2017, Lake",0.036,33
"08/06/2017, Lake",0.043,40
"08/07/2017, Lake",0.047,44
"08/08/2017, Lake",0.041,38
"08/09/2017, Lake",0.058,61
"08/10/2017, Lake",0.048,44
"08/11/2017, Lake",0.045,42
"08/12/2017, Lake",0.053,49
"08/13/2017, Lake",0.03,28
"08/14/2017, Lake",0.048,44
"08/15/2017, Lake",0.063,77
"08/16/2017, Lake",0.045,42
"08/17/2017, Lake",0.041,38
"08/18/2017, Lake",0.046,43
"08/19/2017, Lake",0.053,49
"08/20/2017, Lake",0.059,64
"08/21/2017, Lake",0.054,50
"08/22/2017, Lake",0.038,35
"08/23/2017, Lake",0.036,33
"08/24/2017, Lake",0.035,32
"08/25/2017, Lake",0.034,31
"08/26/2017, Lake",0.041,38
"08/27/2017, Lake",0.042,39
"08/28/2017, Lake",0.055,51
"08/29/2017, Lake",0.042,39
"08/30/2017, Lake",0.059,64
"08/31/2017, Lake",0.034,31
"09/01/2017, Lake",0.034,31
"09/02/2017, Lake",0.029,27
"09/03/2017, Lake",0.046,43
"09/04/2017, Lake",0.052,48
"09/05/2017, Lake",0.045,42
"09/06/2017, Lake",0.032,30
"09/07/2017, Lake",0.025,23
"09/08/2017, Lake",0.033,31
"09/09/2017, Lake",0.03,28
"09/10/2017, Lake",0.03,28
"09/11/2017, Lake",0.033,31
"09/12/2017, Lake",0.038,35
"09/13/2017, Lake",0.043,40
"09/14/2017, Lake",0.033,31
"09/15/2017, Lake",0.039,36
"09/16/2017, Lake",0.047,44
"09/17/2017, Lake",0.05,46
"09/18/2017, Lake",0.048,44
"09/19/2017, Lake",0.041,38
"09/20/2017, Lake",0.053,49
"09/21/2017, Lake",0.055,51
"09/22/2017, Lake",0.044,41
"09/23/2017, Lake",0.052,48
"09/24/2017, Lake",0.059,64
"09/25/2017, Lake",0.057,58
"09/26/2017, Lake",0.062,74
"09/27/2017, Lake",0.056,54
"09/28/2017, Lake",0.037,34
"09/29/2017, Lake",0.04,37
"09/30/2017, Lake",0.034,31
"10/01/2017, Lake",0.038,35
"10/02/2017, Lake",0.046,43
"10/03/2017, Lake",0.056,54
"10/04/2017, Lake",0.043,40
"10/05/2017, Lake",0.031,29
"10/06/2017, Lake",0.028,26
"10/07/2017, Lake",0.046,43
"10/08/2017, Lake",0.028,26
"10/09/2017, Lake",0.03,28
"10/10/2017, Lake",0.033,31
"10/11/2017, Lake",0.021,19
"10/12/2017, Lake",0.021,19
"10/13/2017, Lake",0.032,30
"10/14/2017, Lake",0.049,45
"10/15/2017, Lake",0.03,28
"10/16/2017, Lake",0.031,29
"10/17/2017, Lake",0.04,37
"10/18/2017, Lake",0.045,42
"10/19/2017, Lake",0.052,48
"10/20/2017, Lake",0.042,39
"10/21/2017, Lake",0.052,48
"10/22/2017, Lake",0.055,51
"10/23/2017, Lake",0.041,38
"10/24/2017, Lake",0.033,31
"10/25/2017, Lake",0.026,24
"10/26/2017, Lake",0.032,30
"10/27/2017, Lake",0.043,40
"10/28/2017, Lake",0.019,18
"10/29/2017, Lake",0.029,27
"10/30/2017, Lake",0.023,21
"03/01/2017, Lorain",0.039,36
"03/02/2017, Lorain",0.04,37
"03/03/2017, Lorain",0.041,38
"03/04/2017, Lorain",0.041,38
"03/05/2017, Lorain",0.038,35
"03/06/2017, Lorain",0.04,37
"03/07/2017, Lorain",0.039,36
"03/09/2017, Lorain",0.042,39
"03/10/2017, Lorain",0.04,37
"03/11/2017, Lorain",0.04,37
"03/12/2017, Lorain",0.041,38
"03/13/2017, Lorain",0.036,33
"03/16/2017, Lorain",0.042,39
"03/17/2017, Lorain",0.037,34
"03/18/2017, Lorain",0.025,23
"03/19/2017, Lorain",0.043,40
"03/20/2017, Lorain",0.027,25
"03/21/2017, Lorain",0.043,40
"03/22/2017, Lorain",0.041,38
"03/23/2017, Lorain",0.042,39
"03/24/2017, Lorain",0.055,51
"03/25/2017, Lorain",0.031,29
"03/26/2017, Lorain",0.034,31
"03/27/2017, Lorain",0.03,28
"03/28/2017, Lorain",0.031,29
"03/29/2017, Lorain",0.039,36
"03/30/2017, Lorain",0.028,26
"03/31/2017, Lorain",0.034,31
"04/01/2017, Lorain",0.045,42
"04/02/2017, Lorain",0.045,42
"04/03/2017, Lorain",0.043,40
"04/04/2017, Lorain",0.039,36
"04/05/2017, Lorain",0.043,40
"04/06/2017, Lorain",0.035,32
"04/07/2017, Lorain",0.044,41
"04/08/2017, Lorain",0.045,42
"04/09/2017, Lorain",0.056,54
"04/10/2017, Lorain",0.059,64
"04/11/2017, Lorain",0.039,36
"04/12/2017, Lorain",0.04,37
"04/13/2017, Lorain",0.041,38
"04/14/2017, Lorain",0.05,46
"04/15/2017, Lorain",0.056,54
"04/16/2017, Lorain",0.05,46
"04/17/2017, Lorain",0.044,41
"04/18/2017, Lorain",0.041,38
"04/19/2017, Lorain",0.038,35
"04/20/2017, Lorain",0.043,40
"04/21/2017, Lorain",0.033,31
"04/22/2017, Lorain",0.037,34
"04/23/2017, Lorain",0.045,42
"04/24/2017, Lorain",0.047,44
"04/25/2017, Lorain",0.045,42
"04/26/2017, Lorain",0.047,44
"04/27/2017, Lorain",0.048,44
"04/28/2017, Lorain",0.034,31
"04/29/2017, Lorain",0.039,36
"04/30/2017, Lorain",0.036,33
"05/01/2017, Lorain",0.045,42
"05/02/2017, Lorain",0.043,40
"05/03/2017, Lorain",0.044,41
"05/04/2017, Lorain",0.034,31
"05/05/2017, Lorain",0.04,37
"05/06/2017, Lorain",0.035,32
"05/07/2017, Lorain",0.041,38
"05/08/2017, Lorain",0.045,42
"05/09/2017, Lorain",0.05,46
"05/10/2017, Lorain",0.047,44
"05/11/2017, Lorain",0.037,34
"05/12/2017, Lorain",0.04,37
"05/13/2017, Lorain",0.053,49
"05/14/2017, Lorain",0.042,39
"05/15/2017, Lorain",0.035,32
"05/16/2017, Lorain",0.065,84
"05/17/2017, Lorain",0.056,54
"05/18/2017, Lorain",0.052,48
"05/19/2017, Lorain",0.028,26
"05/20/2017, Lorain",0.032,30
"05/21/2017, Lorain",0.041,38
"05/22/2017, Lorain",0.048,44
"05/23/2017, Lorain",0.059,64
"05/24/2017, Lorain",0.031,29
"05/25/2017, Lorain",0.03,28
"05/26/2017, Lorain",0.04,37
"05/27/2017, Lorain",0.043,40
"05/28/2017, Lorain",0.044,41
"05/29/2017, Lorain",0.05,46
"05/30/2017, Lorain",0.046,43
"05/31/2017, Lorain",0.049,45
"06/01/2017, Lorain",0.052,48
"06/02/2017, Lorain",0.049,45
"06/03/2017, Lorain",0.05,46
"06/04/2017, Lorain",0.058,61
"06/05/2017, Lorain",0.047,44
"06/06/2017, Lorain",0.033,31
"06/07/2017, Lorain",0.034,31
"06/08/2017, Lorain",0.042,39
"06/09/2017, Lorain",0.051,47
"06/10/2017, Lorain",0.068,93
"06/11/2017, Lorain",0.063,77
"06/12/2017, Lorain",0.055,51
"06/13/2017, Lorain",0.071,101
"06/14/2017, Lorain",0.056,54
"06/15/2017, Lorain",0.048,44
"06/16/2017, Lorain",0.063,77
"06/17/2017, Lorain",0.065,84
"06/18/2017, Lorain",0.039,36
"06/19/2017, Lorain",0.043,40
"06/20/2017, Lorain",0.047,44
"06/21/2017, Lorain",0.047,44
"06/22/2017, Lorain",0.049,45
"06/23/2017, Lorain",0.031,29
"06/24/2017, Lorain",0.043,40
"06/25/2017, Lorain",0.043,40
"06/26/2017, Lorain",0.039,36
"06/27/2017, Lorain",0.034,31
"06/28/2017, Lorain",0.054,50
"06/29/2017, Lorain",0.054,50
"06/30/2017, Lorain",0.046,43
"07/01/2017, Lorain",0.047,44
"07/02/2017, Lorain",0.054,50
"07/03/2017, Lorain",0.05,46
"07/04/2017, Lorain",0.039,36
"07/05/2017, Lorain",0.039,36
"07/06/2017, Lorain",0.055,51
"07/07/2017, Lorain",0.049,45
"07/08/2017, Lorain",0.039,36
"07/09/2017, Lorain",0.046,43
"07/10/2017, Lorain",0.033,31
"07/11/2017, Lorain",0.043,40
"07/12/2017, Lorain",0.045,42
"07/13/2017, Lorain",0.036,33
"07/14/2017, Lorain",0.043,40
"07/15/2017, Lorain",0.036,33
"07/16/2017, Lorain",0.041,38
"07/17/2017, Lorain",0.036,33
"07/18/2017, Lorain",0.057,58
"07/19/2017, Lorain",0.064,80
"07/20/2017, Lorain",0.052,48
"07/21/2017, Lorain",0.057,58
"07/22/2017, Lorain",0.041,38
"07/23/2017, Lorain",0.049,45
"07/24/2017, Lorain",0.028,26
"07/25/2017, Lorain",0.028,26
"07/26/2017, Lorain",0.05,46
"07/27/2017, Lorain",0.055,51
"07/28/2017, Lorain",0.034,31
"07/29/2017, Lorain",0.029,27
"07/30/2017, Lorain",0.03,28
"07/31/2017, Lorain",0.043,40
"08/01/2017, Lorain",0.056,54
"08/02/2017, Lorain",0.054,50
"08/03/2017, Lorain",0.049,45
"08/04/2017, Lorain",0.035,32
"08/05/2017, Lorain",0.036,33
"08/06/2017, Lorain",0.033,31
"08/07/2017, Lorain",0.043,40
"08/08/2017, Lorain",0.043,40
"08/09/2017, Lorain",0.047,44
"08/10/2017, Lorain",0.062,74
"08/11/2017, Lorain",0.044,41
"08/12/2017, Lorain",0.048,44
"08/13/2017, Lorain",0.029,27
"08/14/2017, Lorain",0.052,48
"08/15/2017, Lorain",0.059,64
"08/16/2017, Lorain",0.051,47
"08/17/2017, Lorain",0.029,27
"08/18/2017, Lorain",0.043,40
"08/19/2017, Lorain",0.049,45
"08/20/2017, Lorain",0.052,48
"08/21/2017, Lorain",0.046,43
"08/22/2017, Lorain",0.036,33
"08/23/2017, Lorain",0.033,31
"08/24/2017, Lorain",0.032,30
"08/25/2017, Lorain",0.03,28
"08/26/2017, Lorain",0.039,36
"08/27/2017, Lorain",0.046,43
"08/28/2017, Lorain",0.041,38
"08/29/2017, Lorain",0.03,28
"08/30/2017, Lorain",0.052,48
"08/31/2017, Lorain",0.03,28
"09/01/2017, Lorain",0.034,31
"09/02/2017, Lorain",0.024,22
"09/03/2017, Lorain",0.042,39
"09/04/2017, Lorain",0.047,44
"09/05/2017, Lorain",0.038,35
"09/06/2017, Lorain",0.027,25
"09/07/2017, Lorain",0.019,18
"09/08/2017, Lorain",0.032,30
"09/09/2017, Lorain",0.029,27
"09/10/2017, Lorain",0.029,27
"09/11/2017, Lorain",0.034,31
"09/12/2017, Lorain",0.041,38
"09/13/2017, Lorain",0.027,25
"09/14/2017, Lorain",0.023,21
"09/15/2017, Lorain",0.04,37
"09/16/2017, Lorain",0.049,45
"09/17/2017, Lorain",0.047,44
"09/18/2017, Lorain",0.045,42
"09/19/2017, Lorain",0.034,31
"09/20/2017, Lorain",0.053,49
"09/21/2017, Lorain",0.051,47
"09/22/2017, Lorain",0.06,67
"09/23/2017, Lorain",0.05,46
"09/24/2017, Lorain",0.061,71
"09/25/2017, Lorain",0.066,87
"09/26/2017, Lorain",0.059,64
"09/27/2017, Lorain",0.05,46
"09/28/2017, Lorain",0.034,31
"09/29/2017, Lorain",0.038,35
"09/30/2017, Lorain",0.034,31
"10/01/2017, Lorain",0.04,37
"10/02/2017, Lorain",0.045,42
"10/03/2017, Lorain",0.047,44
"10/04/2017, Lorain",0.039,36
"10/05/2017, Lorain",0.026,24
"10/06/2017, Lorain",0.022,20
"10/07/2017, Lorain",0.041,38
"10/08/2017, Lorain",0.029,27
"10/09/2017, Lorain",0.027,25
"10/10/2017, Lorain",0.041,38
"10/11/2017, Lorain",0.019,18
"10/12/2017, Lorain",0.01,9
"10/13/2017, Lorain",0.031,29
"10/14/2017, Lorain",0.045,42
"10/15/2017, Lorain",0.034,31
"10/16/2017, Lorain",0.028,26
"10/17/2017, Lorain",0.037,34
"10/18/2017, Lorain",0.042,39
"10/19/2017, Lorain",0.046,43
"10/20/2017, Lorain",0.041,38
"10/21/2017, Lorain",0.05,46
"10/22/2017, Lorain",0.042,39
"10/23/2017, Lorain",0.033,31
"10/24/2017, Lorain",0.029,27
"10/25/2017, Lorain",0.028,26
"10/26/2017, Lorain",0.033,31
"10/27/2017, Lorain",0.039,36
"10/28/2017, Lorain",0.019,18
"10/29/2017, Lorain",0.025,23
"10/30/2017, Lorain",0.023,21
"03/02/2017, Medina",0.04,37
"03/03/2017, Medina",0.04,37
"03/04/2017, Medina",0.044,41
"03/05/2017, Medina",0.04,37
"03/06/2017, Medina",0.043,40
"03/07/2017, Medina",0.042,39
"03/08/2017, Medina",0.044,41
"03/09/2017, Medina",0.042,39
"03/10/2017, Medina",0.042,39
"03/11/2017, Medina",0.038,35
"03/12/2017, Medina",0.041,38
"03/13/2017, Medina",0.036,33
"03/14/2017, Medina",0.043,40
"03/15/2017, Medina",0.045,42
"03/16/2017, Medina",0.044,41
"03/17/2017, Medina",0.039,36
"03/18/2017, Medina",0.025,23
"03/19/2017, Medina",0.037,34
"03/20/2017, Medina",0.029,27
"03/21/2017, Medina",0.046,43
"03/22/2017, Medina",0.043,40
"03/23/2017, Medina",0.048,44
"03/24/2017, Medina",0.06,67
"03/25/2017, Medina",0.045,42
"03/26/2017, Medina",0.045,42
"03/27/2017, Medina",0.043,40
"03/28/2017, Medina",0.027,25
"03/29/2017, Medina",0.042,39
"03/30/2017, Medina",0.032,30
"03/31/2017, Medina",0.033,31
"04/01/2017, Medina",0.044,41
"04/02/2017, Medina",0.047,44
"04/03/2017, Medina",0.042,39
"04/04/2017, Medina",0.042,39
"04/05/2017, Medina",0.048,44
"04/06/2017, Medina",0.035,32
"04/07/2017, Medina",0.044,41
"04/08/2017, Medina",0.045,42
"04/09/2017, Medina",0.058,61
"04/10/2017, Medina",0.06,67
"04/11/2017, Medina",0.039,36
"04/12/2017, Medina",0.039,36
"04/13/2017, Medina",0.043,40
"04/14/2017, Medina",0.06,67
"04/15/2017, Medina",0.057,58
"04/16/2017, Medina",0.052,48
"04/17/2017, Medina",0.043,40
"04/18/2017, Medina",0.056,54
"04/19/2017, Medina",0.04,37
"04/20/2017, Medina",0.049,45
"04/21/2017, Medina",0.035,32
"04/22/2017, Medina",0.038,35
"04/23/2017, Medina",0.049,45
"04/24/2017, Medina",0.059,64
"04/25/2017, Medina",0.045,42
"04/26/2017, Medina",0.045,42
"04/27/2017, Medina",0.05,46
"04/28/2017, Medina",0.033,31
"04/29/2017, Medina",0.027,25
"04/30/2017, Medina",0.034,31
"05/01/2017, Medina",0.044,41
"05/02/2017, Medina",0.044,41
"05/03/2017, Medina",0.047,44
"05/04/2017, Medina",0.03,28
"05/05/2017, Medina",0.039,36
"05/06/2017, Medina",0.037,34
"05/07/2017, Medina",0.043,40
"05/08/2017, Medina",0.048,44
"05/09/2017, Medina",0.057,58
"05/10/2017, Medina",0.056,54
"05/11/2017, Medina",0.036,33
"05/12/2017, Medina",0.033,31
"05/13/2017, Medina",0.05,46
"05/14/2017, Medina",0.048,44
"05/15/2017, Medina",0.041,38
"05/16/2017, Medina",0.068,93
"05/17/2017, Medina",0.056,54
"05/18/2017, Medina",0.051,47
"05/19/2017, Medina",0.025,23
"05/20/2017, Medina",0.035,32
"05/21/2017, Medina",0.035,32
"05/22/2017, Medina",0.047,44
"05/23/2017, Medina",0.061,71
"05/24/2017, Medina",0.032,30
"05/25/2017, Medina",0.034,31
"05/26/2017, Medina",0.032,30
"05/27/2017, Medina",0.048,44
"05/28/2017, Medina",0.044,41
"05/29/2017, Medina",0.048,44
"05/30/2017, Medina",0.05,46
"05/31/2017, Medina",0.053,49
"06/01/2017, Medina",0.056,54
"06/02/2017, Medina",0.049,45
"06/03/2017, Medina",0.06,67
"06/04/2017, Medina",0.056,54
"06/05/2017, Medina",0.046,43
"06/06/2017, Medina",0.035,32
"06/07/2017, Medina",0.027,25
"06/08/2017, Medina",0.042,39
"06/09/2017, Medina",0.054,50
"06/10/2017, Medina",0.07,100
"06/11/2017, Medina",0.064,80
"06/12/2017, Medina",0.058,61
"06/13/2017, Medina",0.042,39
"06/14/2017, Medina",0.055,51
"06/15/2017, Medina",0.047,44
"06/16/2017, Medina",0.059,64
"06/17/2017, Medina",0.063,77
"06/18/2017, Medina",0.042,39
"06/19/2017, Medina",0.047,44
"06/20/2017, Medina",0.049,45
"06/21/2017, Medina",0.056,54
"06/22/2017, Medina",0.052,48
"06/23/2017, Medina",0.029,27
"06/24/2017, Medina",0.042,39
"06/25/2017, Medina",0.043,40
"06/26/2017, Medina",0.04,37
"06/27/2017, Medina",0.037,34
"06/28/2017, Medina",0.053,49
"06/29/2017, Medina",0.056,54
"06/30/2017, Medina",0.042,39
"07/01/2017, Medina",0.045,42
"07/02/2017, Medina",0.052,48
"07/03/2017, Medina",0.056,54
"07/04/2017, Medina",0.042,39
"07/05/2017, Medina",0.053,49
"07/06/2017, Medina",0.052,48
"07/07/2017, Medina",0.054,50
"07/08/2017, Medina",0.039,36
"07/09/2017, Medina",0.049,45
"07/11/2017, Medina",0.041,38
"07/12/2017, Medina",0.048,44
"07/13/2017, Medina",0.032,30
"07/14/2017, Medina",0.048,44
"07/15/2017, Medina",0.036,33
"07/16/2017, Medina",0.043,40
"07/17/2017, Medina",0.041,38
"07/18/2017, Medina",0.059,64
"07/19/2017, Medina",0.058,61
"07/20/2017, Medina",0.046,43
"07/21/2017, Medina",0.061,71
"07/22/2017, Medina",0.036,33
"07/23/2017, Medina",0.042,39
"07/24/2017, Medina",0.029,27
"07/25/2017, Medina",0.036,33
"07/26/2017, Medina",0.052,48
"07/27/2017, Medina",0.05,46
"07/28/2017, Medina",0.04,37
"07/29/2017, Medina",0.031,29
"07/30/2017, Medina",0.027,25
"07/31/2017, Medina",0.044,41
"08/01/2017, Medina",0.053,49
"08/02/2017, Medina",0.054,50
"08/03/2017, Medina",0.053,49
"08/04/2017, Medina",0.037,34
"08/05/2017, Medina",0.03,28
"08/06/2017, Medina",0.033,31
"08/07/2017, Medina",0.044,41
"08/08/2017, Medina",0.038,35
"08/09/2017, Medina",0.05,46
"08/10/2017, Medina",0.052,48
"08/11/2017, Medina",0.047,44
"08/12/2017, Medina",0.05,46
"08/13/2017, Medina",0.037,34
"08/14/2017, Medina",0.054,50
"08/15/2017, Medina",0.054,50
"08/16/2017, Medina",0.062,74
"08/17/2017, Medina",0.029,27
"08/18/2017, Medina",0.043,40
"08/19/2017, Medina",0.049,45
"08/20/2017, Medina",0.052,48
"08/21/2017, Medina",0.053,49
"08/22/2017, Medina",0.039,36
"08/23/2017, Medina",0.035,32
"08/24/2017, Medina",0.031,29
"08/25/2017, Medina",0.037,34
"08/26/2017, Medina",0.044,41
"08/27/2017, Medina",0.05,46
"08/28/2017, Medina",0.046,43
"08/29/2017, Medina",0.031,29
"08/30/2017, Medina",0.051,47
"08/31/2017, Medina",0.034,31
"09/01/2017, Medina",0.032,30
"09/02/2017, Medina",0.027,25
"09/03/2017, Medina",0.045,42
"09/04/2017, Medina",0.054,50
"09/05/2017, Medina",0.038,35
"09/06/2017, Medina",0.034,31
"09/07/2017, Medina",0.023,21
"09/08/2017, Medina",0.035,32
"09/09/2017, Medina",0.034,31
"09/10/2017, Medina",0.032,30
"09/11/2017, Medina",0.042,39
"09/12/2017, Medina",0.044,41
"09/13/2017, Medina",0.031,29
"09/14/2017, Medina",0.02,19
"09/15/2017, Medina",0.034,31
"09/16/2017, Medina",0.048,44
"09/17/2017, Medina",0.041,38
"09/18/2017, Medina",0.047,44
"09/19/2017, Medina",0.039,36
"09/20/2017, Medina",0.045,42
"09/21/2017, Medina",0.057,58
"09/22/2017, Medina",0.066,87
"09/23/2017, Medina",0.06,67
"09/24/2017, Medina",0.053,49
"09/26/2017, Medina",0.064,80
"09/27/2017, Medina",0.064,80
"09/28/2017, Medina",0.039,36
"09/29/2017, Medina",0.041,38
"09/30/2017, Medina",0.036,33
"10/01/2017, Medina",0.043,40
"10/02/2017, Medina",0.047,44
"10/03/2017, Medina",0.049,45
"10/04/2017, Medina",0.045,42
"10/05/2017, Medina",0.025,23
"10/06/2017, Medina",0.028,26
"10/07/2017, Medina",0.042,39
"10/08/2017, Medina",0.029,27
"10/09/2017, Medina",0.023,21
"10/10/2017, Medina",0.042,39
"10/11/2017, Medina",0.017,16
"10/12/2017, Medina",0.013,12
"10/13/2017, Medina",0.035,32
"10/14/2017, Medina",0.049,45
"10/15/2017, Medina",0.031,29
"10/16/2017, Medina",0.03,28
"10/17/2017, Medina",0.04,37
"10/18/2017, Medina",0.042,39
"10/19/2017, Medina",0.051,47
"10/20/2017, Medina",0.046,43
"10/21/2017, Medina",0.049,45
"10/22/2017, Medina",0.046,43
"10/23/2017, Medina",0.035,32
"10/24/2017, Medina",0.031,29
"10/25/2017, Medina",0.027,25
"10/26/2017, Medina",0.037,34
"10/27/2017, Medina",0.048,44
"10/28/2017, Medina",0.022,20
"10/29/2017, Medina",0.023,21
"10/30/2017, Medina",0.025,23
